Year,State,All ages - Pre-Primary to Higher Secondary - Boys,All ages - Pre-Primary to Higher Secondary - Girls,All ages - Pre-Primary to Higher Secondary - Total,All ages - Pre-Primary - Boys,All ages - Pre-Primary - Girls,All ages - Pre-Primary - Total,All ages - Primary (1-5) - Boys,All ages - Primary (1-5) - Girls,All ages - Primary (1-5) - Total,All ages - Upper Primary (6-8) - Boys,All ages - Upper Primary (6-8) - Girls,All ages - Upper Primary (6-8) - Total,All ages - Secondary (9-10) - Boys,All ages - Secondary (9-10) - Girls,All ages - Secondary (9-10) - Total,All ages - Higher Secondary (11-12) - Boys,All ages - Higher Secondary (11-12) - Girls,All ages - Higher Secondary (11-12) - Total,< 6 years - All - Boys,< 6 years - All - Girls,< 6 years - All - Total,< 6 years - Pre-Primary - Boys,< 6 years - Pre-Primary - Girls,< 6 years - Pre-Primary - Total,< 6 years - Primary (1-5) - Boys,< 6 years - Primary (1-5) - Girls,< 6 years - Primary (1-5) - Total,6-10 years - All - Boys,6-10 years - All - Girls,6-10 years - All - Total,6-10 years - Primary (1-5) - Boys,6-10 years - Primary (1-5) - Girls,6-10 years - Primary (1-5) - Total,6-10 years - Upper Primary (6-8) - Boys,6-10 years - Upper Primary (6-8) - Girls,6-10 years - Upper Primary (6-8) - Total,11-13 years - All - Boys,11-13 years - All - Girls,11-13 years - All - Total,11-13 years - Primary (1-5) - Boys,11-13 years - Primary (1-5) - Girls,11-13 years - Primary (1-5) - Total,11-13 years - Upper Primary (6-8) - Boys,11-13 years - Upper Primary (6-8) - Girls,11-13 years - Upper Primary (6-8) - Total,11-13 years - Secondary (9-10) - Boys,11-13 years - Secondary (9-10) - Girls,11-13 years - Secondary (9-10) - Total,14-15 years - All - Boys,14-15 years - All - Girls,14-15 years - All - Total,14-15 years - Primary (1-5) - Boys,14-15 years - Primary (1-5) - Girls,14-15 years - Primary (1-5) - Total,14-15 years - Upper Primary (6-8) - Boys,14-15 years - Upper Primary (6-8) - Girls,14-15 years - Upper Primary (6-8) - Total,14-15 years - Secondary (9-10) - Boys,14-15 years - Secondary (9-10) - Girls,14-15 years - Secondary (9-10) - Total,14-15 years - Higher Secondary (11-12) - Boys,14-15 years - Higher Secondary (11-12) - Girls,14-15 years - Higher Secondary (11-12) - Total,16-17 years - All - Boys,16-17 years - All - Girls,16-17 years - All - Total,16-17 years - Primary (1-5) - Boys,16-17 years - Primary (1-5) - Girls,16-17 years - Primary (1-5) - Total,16-17 years - Upper Primary (6-8) - Boys,16-17 years - Upper Primary (6-8) - Girls,16-17 years - Upper Primary (6-8) - Total,16-17 years - Secondary (9-10) - Boys,16-17 years - Secondary (9-10) - Girls,16-17 years - Secondary (9-10) - Total,16-17 years - Higher Secondary (11-12) - Boys,16-17 years - Higher Secondary (11-12) - Girls,16-17 years - Higher Secondary (11-12) - Total,>17 years - All - Boys,>17 years - All - Girls,>17 years - All - Total,>17 years - Primary (1-5) - Boys,>17 years - Primary (1-5) - Girls,>17 years - Primary (1-5) - Total,>17 years - Upper Primary (6-8) - Boys,>17 years - Upper Primary (6-8) - Girls,>17 years - Upper Primary (6-8) - Total,>17 years - Secondary (9-10) - Boys,>17 years - Secondary (9-10) - Girls,>17 years - Secondary (9-10) - Total,>17 years - Higher Secondary (11-12) - Boys,>17 years - Higher Secondary (11-12) - Girls,>17 years - Higher Secondary (11-12) - Total,6-10 years - Pre-Primary - Boys,6-10 years - Pre-Primary - Girls,6-10 years - Pre-Primary - Total
2018-19,India,135350365,124943851,260294216,6492773,5462859,11955632,62509126,57721044,120230170,33159087,31107939,64267026,20006747,18327824,38334571,13182632,12324185,25506817,9992910,8710102,18703012,6492773,5462859,11955632,3500137,3247243,6747380,58042653,53886860,111929513,54928717,50928496,105857213,3113936,2958364,6072300,33519863,31342208,64862071,3938441,3432908,7371349,25977220,24557845,50535065,3604202,3351455,6955657,18734543,17229100,35963643,103962,83132,187094,3749169,3318471,7067640,12554037,11673178,24227215,2327375,2154319,4481694,11775833,10935286,22711119,18617,13541,32158,264091,226499,490590,3503717,3023442,6527159,7989408,7671804,15661212,3284563,2840295,6124858,19252,15724,34976,54671,46760,101431,344791,279749,624540,2865849,2498062,5363911,NA,NA,NA
2018-19,Andaman and Nicobar Islands,39305,38195,77500,4413,4092,8505,15248,14587,29835,9300,8957,18257,5971,5901,11872,4373,4658,9031,5355,5094,10449,4413,4092,8505,942,1002,1944,14271,13640,27911,13424,12755,26179,847,885,1732,8957,8686,17643,866,819,1685,7100,6933,14033,991,934,1925,5453,5468,10921,15,11,26,1244,1069,2313,3709,3818,7527,485,570,1055,4132,4294,8426,1,0,1,100,59,159,1178,1050,2228,2853,3185,6038,1137,1013,2150,0,0,0,9,11,20,93,99,192,1035,903,1938,NA,NA,NA
2018-19,Andhra Pradesh,4090935,3770964,7861899,0,0,0,1909109,1703014,3612123,1083809,1010513,2094322,689777,646849,1336626,408240,410588,818828,229449,250337,479786,0,0,0,229449,250337,479786,1821219,1649426,3470645,1598260,1407067,3005327,222959,242359,465318,1089595,1008128,2097723,76472,42485,118957,796662,731982,1528644,216461,233661,450122,619861,573165,1193026,3399,1947,5346,58756,32579,91335,428656,389213,817869,129050,149426,278476,297574,269307,566881,1126,672,1798,4485,2672,7157,42608,22928,65536,249355,243035,492390,33237,20601,53838,403,506,909,947,921,1868,2052,1047,3099,29835,18127,47962,NA,NA,NA
2018-19,Arunachal Pradesh,173989,172889,346878,9248,8192,17440,86215,83219,169434,42616,45106,87722,23751,23906,47657,12159,12466,24625,18264,16524,34788,9248,8192,17440,9016,8332,17348,71892,69747,141639,66993,64857,131850,4899,4890,9789,42167,43422,85589,9554,9362,18916,27965,29631,57596,4648,4429,9077,24175,25314,49489,553,550,1103,7971,8580,16551,13156,13658,26814,2495,2526,5021,12997,13452,26449,85,85,170,1483,1673,3156,5021,5011,10032,6408,6683,13091,4494,4430,8924,14,33,47,298,332,630,926,808,1734,3256,3257,6513,NA,NA,NA
2018-19,Assam,3703357,3750645,7454002,273452,250111,523563,1853314,1816419,3669733,895777,956005,1851782,464768,523369,988137,216046,204741,420787,355382,327189,682571,273452,250111,523563,81930,77078,159008,1773661,1746147,3519808,1699396,1669227,3368623,74265,76920,151185,852624,902853,1755477,70607,68953,139560,730199,777985,1508184,51818,55915,107733,448349,502718,951067,1272,1052,2324,87688,97097,184785,339342,384749,724091,20047,19820,39867,218460,220163,438623,92,91,183,3338,3577,6915,66682,76066,142748,148348,140429,288777,54881,51575,106456,17,18,35,287,426,713,6926,6639,13565,47651,44492,92143,NA,NA,NA
2018-19,Bihar,12587272,12326062,24913334,368392,228833,597225,6653044,6442653,13095697,3259255,3377716,6636971,1559512,1601566,3161078,747069,675294,1422363,548444,380687,929131,368392,228833,597225,180052,151854,331906,6481813,6291871,12773684,6297656,6109580,12407236,184157,182291,366448,3673343,3796206,7469549,171771,176873,348644,2953258,3060744,6014002,548314,558589,1106903,1293204,1298539,2591743,3470,4251,7721,112573,124174,236747,883399,900270,1783669,293762,269844,563606,488198,462357,950555,93,94,187,5646,6288,11934,116438,131130,247568,366021,324845,690866,102270,96402,198672,2,1,3,3621,4219,7840,11361,11577,22938,87286,80605,167891,NA,NA,NA
2018-19,Chandigarh,145225,123665,268890,14125,12395,26520,50102,44099,94201,35665,29790,65455,22505,19328,41833,22828,18053,40881,16556,14761,31317,14125,12395,26520,2431,2366,4797,46241,40900,87141,43527,38379,81906,2714,2521,5235,35661,30617,66278,4088,3322,7410,28610,24378,52988,2963,2917,5880,22535,18523,41058,51,28,79,4019,2715,6734,15831,13408,29239,2634,2372,5006,19563,15452,35015,4,4,8,297,162,459,3438,2754,6192,15824,12532,28356,4669,3412,8081,1,0,1,25,14,39,273,249,522,4370,3149,7519,NA,NA,NA
2018-19,Chhattisgarh,2991766,2961588,5953354,145997,128176,274173,1350470,1285811,2636281,768077,749245,1517322,453326,493101,946427,273896,305255,579151,185876,169551,355427,145997,128176,274173,39879,41375,81254,1265563,1220623,2486186,1228533,1181378,2409911,37030,39245,76275,765822,746086,1511908,79219,61212,140431,650385,644816,1295201,36218,40058,76276,421236,448074,869310,2017,1278,3295,75980,61878,137858,326087,362481,688568,17152,22437,39589,264265,294888,559153,505,361,866,4102,2906,7008,84257,84390,168647,175401,207231,382632,89004,82366,171370,317,207,524,580,400,980,6764,6172,12936,81343,75587,156930,NA,NA,NA
2018-19,Dadra and Nagar Haveli,45277,40298,85575,1869,1411,3280,21900,19588,41488,10511,9251,19762,7255,6306,13561,3742,3742,7484,1945,1543,3488,1869,1411,3280,76,132,208,20250,18160,38410,19970,17926,37896,280,234,514,12415,11074,23489,1801,1487,3288,9019,8126,17145,1595,1461,3056,6595,5950,12545,48,37,85,1093,822,1915,4681,4181,8862,773,910,1683,3219,2986,6205,5,6,11,111,67,178,869,605,1474,2234,2308,4542,853,585,1438,0,0,0,8,2,10,110,59,169,735,524,1259,NA,NA,NA
2018-19,Daman and Diu,22155,19754,41909,1306,1153,2459,10197,8882,19079,5554,4844,10398,3307,3013,6320,1791,1862,3653,1906,1761,3667,1306,1153,2459,600,608,1208,9056,8098,17154,8621,7641,16262,435,457,892,5647,4949,10596,930,619,1549,4404,3905,8309,313,425,738,3210,2909,6119,41,14,55,631,440,1071,2349,2131,4480,189,324,513,1973,1758,3731,5,0,5,80,38,118,603,427,1030,1285,1293,2578,363,279,642,0,0,0,4,4,8,42,30,72,317,245,562,NA,NA,NA
2018-19,Delhi,2335948,2080823,4416771,143385,129143,272528,960317,843183,1803500,598198,525240,1123438,384367,346665,731032,249681,236592,486273,242715,215697,458412,143385,129143,272528,99330,86554,185884,903165,784951,1688116,821085,721835,1542920,82080,63116,145196,582435,498676,1081111,39178,34137,73315,460518,406319,866837,82739,58220,140959,346090,313944,660034,612,540,1152,52447,51937,104384,242453,223015,465468,50578,38452,89030,219142,214925,434067,112,117,229,3153,3868,7021,54955,58998,113953,160922,151942,312864,42401,52630,95031,0,0,0,0,0,0,4220,6432,10652,38181,46198,84379,NA,NA,NA
2018-19,Goa,160605,150919,311524,15014,14365,29379,64005,59877,123882,37453,34504,71957,25355,22817,48172,18778,19356,38134,16969,15986,32955,15014,14365,29379,1955,1621,3576,58785,55628,114413,57314,54313,111627,1471,1315,2786,37018,34240,71258,4688,3919,8607,30606,28927,59533,1724,1394,3118,23362,21678,45040,47,22,69,5104,4038,9142,17413,16685,34098,798,933,1731,17730,17434,35164,1,2,3,259,210,469,5631,4394,10025,11839,12828,24667,6741,5953,12694,0,0,0,13,14,27,587,344,931,6141,5595,11736,NA,NA,NA
2018-19,Gujarat,6354525,5401087,11755612,154507,119753,274260,2869419,2549065,5418484,1745148,1511660,3256808,1039052,767544,1806596,546399,453065,999464,407470,344573,752043,154507,119753,274260,252963,224820,477783,2699522,2399901,5099423,2472330,2199410,4671740,227192,200491,427683,1655826,1426012,3081838,140257,121192,261449,1350661,1178436,2529097,164908,126384,291292,955630,731032,1686662,3307,3135,6442,153288,120758,274046,709068,531002,1240070,89967,76137,166104,535614,421952,957566,443,215,658,11644,8879,20523,155033,104085,259118,368494,308773,677267,100463,77617,178080,119,293,412,2363,3096,5459,10043,6073,16116,87938,68155,156093,NA,NA,NA
2018-19,Haryana,3252060,2642425,5894485,187558,142750,330308,1398262,1148267,2546529,800210,656307,1456517,540210,427357,967567,325820,267744,593564,357299,302615,659914,187558,142750,330308,169741,159865,329606,1275265,1056102,2331367,1133330,922832,2056162,141935,133270,275205,796592,645508,1442100,91552,63362,154914,571553,462347,1033900,133487,119799,253286,473881,378056,851937,3361,2040,5401,79015,55535,134550,306325,239575,545900,85180,80906,166086,286890,217696,504586,257,154,411,7030,4714,11744,90181,60872,151053,189422,151956,341378,62133,42448,104581,21,14,35,677,441,1118,10217,7111,17328,51218,34882,86100,NA,NA,NA
2018-19,Himachal Pradesh,774950,700801,1475751,55553,46063,101616,303536,277143,580679,179424,161514,340938,133145,118986,252131,103292,97095,200387,96082,83125,179207,55553,46063,101616,40529,37062,77591,290511,266509,557020,256503,234964,491467,34008,31545,65553,178482,160977,339459,6354,5022,11376,137215,123358,260573,34913,32597,67510,114829,104314,219143,139,88,227,7867,6346,14213,84584,75544,160128,22239,22336,44575,81113,74058,155171,11,6,17,299,242,541,12933,10386,23319,67870,63424,131294,13933,11818,25751,0,1,1,35,23,58,715,459,1174,13183,11335,24518,NA,NA,NA
2018-19,Jammu and Kashmir,1335778,1202735,2538513,176338,155428,331766,566321,517635,1083956,298216,270460,568676,171863,150854,322717,123040,108358,231398,276169,246741,522910,176338,155428,331766,99831,91313,191144,516854,471246,988100,446675,408393,855068,70179,62853,133032,282008,254081,536089,19325,17441,36766,207153,188949,396102,55530,47691,103221,140169,126660,266829,426,424,850,19314,17114,36428,95657,85711,181368,24772,23411,48183,90376,78427,168803,46,54,100,1338,1262,2600,19441,16569,36010,69551,60542,130093,30202,25580,55782,18,10,28,232,282,514,1235,883,2118,28717,24405,53122,NA,NA,NA
2018-19,Jharkhand,4180695,3982728,8163423,311115,243514,554629,2082267,1946604,4028871,992493,1001063,1993556,480371,487238,967609,314449,304309,618758,399333,321743,721076,311115,243514,554629,88218,78229,166447,1928936,1804202,3733138,1883071,1761390,3644461,45865,42812,88677,1029515,1021527,2051042,106902,103415,210317,852105,852578,1704683,70508,65534,136042,517217,520495,1037712,3682,3269,6951,85522,94952,180474,330575,334629,665204,97438,87645,185083,239651,242346,481997,364,269,633,8293,9843,18136,70805,76989,147794,160189,155245,315434,66043,72415,138458,30,32,62,708,878,1586,8483,10086,18569,56822,61419,118241,NA,NA,NA
2018-19,Karnataka,6177799,5772723,11950522,326896,269651,596547,2862959,2639544,5502503,1590525,1481692,3072217,937551,862714,1800265,459868,519122,978990,558536,498738,1057274,326896,269651,596547,231640,229087,460727,2831807,2634313,5466120,2570786,2367803,4938589,261021,266510,527531,1565128,1454161,3019289,51169,35067,86236,1275179,1178666,2453845,238780,240428,479208,769066,705898,1474964,1442,1038,2480,45802,30152,75954,654908,596058,1250966,66914,78650,145564,437102,467098,904200,1048,895,1943,3584,2379,5963,39516,23352,62868,392954,440472,833426,16160,12515,28675,6874,5654,12528,4939,3985,8924,4347,2876,7223,0,0,0,NA,NA,NA
2018-19,Kerala,3232568,3129043,6361611,281291,263774,545065,1258948,1205351,2464299,757739,725904,1483643,524090,496186,1020276,410500,437828,848328,365945,345859,711804,281291,263774,545065,84654,82085,166739,1204030,1152750,2356780,1125206,1077322,2202528,78824,75428,154252,760890,728438,1489328,47675,44950,92625,632851,606821,1239672,80364,76667,157031,501884,482910,984794,611,448,1059,43315,41395,84710,399916,378245,778161,58042,62822,120864,349630,366609,716239,351,222,573,1232,1062,2294,42403,40248,82651,305644,325077,630721,50189,52477,102666,451,324,775,1517,1198,2715,1407,1026,2433,46814,49929,96743,NA,NA,NA
2018-19,Ladakh,28156,28514,56670,5568,5149,10717,11355,11162,22517,5716,5909,11625,3380,3733,7113,2137,2561,4698,6710,6262,12972,5568,5149,10717,1142,1113,2255,9942,9769,19711,9187,9001,18188,755,768,1523,5703,6028,11731,964,1018,1982,4075,4294,8369,664,716,1380,3012,3400,6412,52,27,79,775,773,1548,1997,2345,4342,188,255,443,2262,2332,4594,8,2,10,91,70,161,668,632,1300,1495,1628,3123,527,723,1250,2,1,3,20,4,24,51,40,91,454,678,1132,NA,NA,NA
2018-19,Lakshadweep,6427,6376,12803,585,543,1128,2470,2364,4834,1206,1308,2514,1079,1043,2122,1087,1118,2205,585,545,1130,585,543,1128,0,2,2,2469,2372,4841,2427,2314,4741,42,58,100,1349,1430,2779,43,47,90,1145,1228,2373,161,155,316,930,1030,1960,0,1,1,19,22,41,805,839,1644,106,168,274,847,916,1763,0,0,0,0,0,0,108,49,157,739,867,1606,247,83,330,0,0,0,0,0,0,5,0,5,242,83,325,NA,NA,NA
2018-19,Madhya Pradesh,8580700,7704078,16284778,316983,256770,573753,3942871,3621229,7564100,2223832,2007490,4231322,1336497,1152190,2488687,760517,666399,1426916,653262,559479,1212741,316983,256770,573753,336279,302709,638988,3491337,3223985,6715322,3307463,3051181,6358644,183874,172804,356678,2219327,2012477,4231804,286252,255335,541587,1732838,1577773,3310611,200237,179369,379606,1228898,1065569,2294467,9343,8407,17750,276223,233289,509512,805079,701104,1506183,138253,122769,261022,744673,645786,1390459,1990,2028,4018,24806,19407,44213,293187,241828,535015,424690,382523,807213,243203,196782,439985,1544,1569,3113,6091,4217,10308,37994,29889,67883,197574,161107,358681,NA,NA,NA
2018-19,Maharashtra,12398763,10832930,23231693,469420,406240,875660,5268893,4652459,9921352,3095100,2731600,5826700,1999833,1723380,3723213,1565517,1319251,2884768,591659,524163,1115822,469420,406240,875660,122239,117923,240162,4844790,4309484,9154274,4699175,4168819,8867994,145615,140665,286280,3016088,2664414,5680502,438935,361397,800332,2413737,2149422,4563159,163416,153595,317011,1915598,1679135,3594733,5368,2995,8363,510604,424634,935238,1292446,1142744,2435190,107180,108762,215942,1476465,1265384,2741849,2161,817,2978,19592,14044,33636,503102,405637,908739,951610,844886,1796496,554163,390350,944513,1015,508,1523,5552,2835,8387,40869,21404,62273,506727,365603,872330,NA,NA,NA
2018-19,Manipur,360830,346109,706939,35299,33149,68448,171156,163186,334342,78849,76724,155573,42685,42296,84981,32841,30754,63595,53658,50523,104181,35299,33149,68448,18359,17374,35733,154170,147293,301463,143206,136816,280022,10964,10477,21441,80245,78372,158617,9150,8628,17778,61724,60475,122199,9371,9269,18640,41842,41984,83826,374,306,680,5578,5254,10832,29884,29891,59775,6006,6533,12539,26058,24058,50116,52,47,99,426,393,819,3241,3003,6244,22339,20615,42954,4857,3879,8736,15,15,30,157,125,282,189,133,322,4496,3606,8102,NA,NA,NA
2018-19,Meghalaya,563584,581247,1144831,114325,109045,223370,261738,258411,520149,109540,122128,231668,51298,60052,111350,26683,31611,58294,127332,121630,248962,114325,109045,223370,13007,12585,25592,201270,199819,401089,195263,193245,388508,6007,6574,12581,116646,124404,241050,48686,48143,96829,65646,73246,138892,2314,3015,5329,61669,70286,131955,4315,4006,8321,30120,34100,64220,26557,31319,57876,677,861,1538,40375,46000,86375,425,387,812,6896,7333,14229,18041,21047,39088,15013,17233,32246,16292,19108,35400,42,45,87,871,875,1746,4386,4671,9057,10993,13517,24510,NA,NA,NA
2018-19,Mizoram,156340,150478,306818,19280,18354,37634,70525,66627,137152,34018,32438,66456,20816,20382,41198,11701,12677,24378,23291,22068,45359,19280,18354,37634,4011,3714,7725,54531,52874,107405,53430,51721,105151,1101,1153,2254,34855,33167,68022,12213,10585,22798,21644,21488,43132,998,1094,2092,21690,21306,42996,730,507,1237,9477,8348,17825,10514,11293,21807,969,1158,2127,15698,15606,31304,106,75,181,1558,1276,2834,7692,6815,14507,6342,7440,13782,6275,5457,11732,35,25,60,238,173,411,1612,1180,2792,4390,4079,8469,NA,NA,NA
2018-19,Nagaland,235681,228015,463696,45545,41850,87395,96158,91183,187341,50339,49776,100115,27585,28361,55946,16054,16845,32899,48565,44803,93368,45545,41850,87395,3020,2953,5973,82001,78200,160201,79811,75867,155678,2190,2333,4523,51115,49540,100655,12318,11414,23732,36672,35955,72627,2125,2171,4296,29309,29751,59060,865,833,1698,9580,9639,19219,17272,17806,35078,1592,1473,3065,17590,19078,36668,124,109,233,1614,1561,3175,6838,7105,13943,9014,10303,19317,7101,6643,13744,20,7,27,283,288,571,1350,1279,2629,5448,5069,10517,NA,NA,NA
2018-19,Odisha,4235833,4022997,8258830,85983,70516,156499,1864042,1741497,3605539,1106087,1020956,2127043,661926,631081,1293007,517795,558947,1076742,94016,77375,171391,85983,70516,156499,8033,6859,14892,1477355,1398946,2876301,1464959,1386435,2851394,12396,12511,24907,1150791,1068768,2219559,376119,335814,711933,766324,723437,1489761,8348,9517,17865,709614,657182,1366796,9284,7381,16665,301573,263909,565482,398063,385362,783425,694,530,1224,498977,499113,998090,1937,1797,3734,20450,16662,37112,234781,217824,452605,241809,262830,504639,305080,321613,626693,3710,3211,6921,5344,4437,9781,20734,18378,39112,275292,295587,570879,NA,NA,NA
2018-19,Puducherry,137747,133346,271093,16684,15367,32051,52345,49494,101839,31400,30019,61419,21165,20426,41591,16153,18040,34193,23789,22295,46084,16684,15367,32051,7105,6928,14033,51112,48299,99411,44791,42165,86956,6321,6134,12455,31481,29989,61470,447,400,847,24519,23392,47911,6515,6197,12712,19327,20175,39502,2,1,3,545,486,1031,14030,13506,27536,4750,6182,10932,11103,12098,23201,0,0,0,14,7,21,609,716,1325,10480,11375,21855,935,490,1425,0,0,0,1,0,1,11,7,18,923,483,1406,NA,NA,NA
2018-19,Punjab,3282931,2737152,6020083,410213,345180,755393,1250693,1056325,2307018,748335,621609,1369944,495877,404313,900190,377813,309725,687538,413491,348435,761926,410213,345180,755393,3278,3255,6533,898426,799490,1697916,894436,794661,1689097,3990,4829,8819,758199,641040,1399239,334529,247582,582111,418268,387013,805281,5402,6445,11847,492382,406632,899014,14887,8743,23630,284447,205837,490284,190669,188658,379327,2379,3394,5773,430482,356174,786656,2623,1474,4097,37300,21289,58589,256388,187845,444233,134171,145566,279737,289951,185381,475332,940,610,1550,4330,2641,6971,43418,21365,64783,241263,160765,402028,NA,NA,NA
2018-19,Rajasthan,9502688,8017339,17520027,594716,457749,1052465,4278269,3805179,8083448,2187909,1845666,4033575,1417353,1137762,2555115,1024441,770983,1795424,974138,802235,1776373,594716,457749,1052465,379422,344486,723908,3719558,3290885,7010443,3501284,3111764,6613048,218274,179121,397395,2229740,1886541,4116281,384942,338788,723730,1602001,1356026,2958027,242797,191727,434524,1351688,1087968,2439656,11296,9219,20515,334583,282450,617033,810939,651598,1462537,194870,144701,339571,938701,725977,1664678,1147,748,1895,30356,25793,56149,321915,259842,581757,585283,439594,1024877,288863,223733,512596,178,174,352,2695,2276,4971,41702,34595,76297,244288,186688,430976,NA,NA,NA
2018-19,Sikkim,73370,73099,146469,9945,9472,19417,26268,23326,49594,17431,17409,34840,12479,13837,26316,7247,9055,16302,10899,10431,21330,9945,9472,19417,954,959,1913,21734,20392,42126,20611,19316,39927,1123,1076,2199,15482,15175,30657,3908,2858,6766,10885,11370,22255,689,947,1636,10967,11158,22125,426,169,595,4321,3989,8310,5899,6518,12417,321,482,803,8529,9644,18173,185,21,206,934,837,1771,4428,4846,9274,2982,3940,6922,5759,6299,12058,184,3,187,168,137,305,1463,1526,2989,3944,4633,8577,NA,NA,NA
2018-19,Tamil Nadu,6857526,6559165,13416691,661392,575942,1237334,2748544,2556001,5304545,1616260,1521003,3137263,1050651,1001773,2052424,780679,904446,1685125,663026,577540,1240566,661392,575942,1237334,1634,1598,3232,2448200,2303638,4751838,2445188,2300899,4746087,3012,2739,5751,1615390,1528118,3143508,297806,250834,548640,1314873,1274262,2589135,2711,3022,5733,1058104,1015454,2073558,1625,1091,2716,290736,239305,530041,762419,769400,1531819,3324,5658,8982,871309,943151,1814460,657,443,1100,5504,3233,8737,280457,226534,506991,584691,712941,1297632,201497,191264,392761,1634,1136,2770,2135,1464,3599,5064,2817,7881,192664,185847,378511,NA,NA,NA
2018-19,Telangana,3435507,3265710,6701217,78359,66157,144516,1587999,1464116,3052115,865036,819005,1684041,546278,528056,1074334,357835,388376,746211,234439,239726,474165,78359,66157,144516,156080,173569,329649,1470903,1391816,2862719,1339267,1234053,2573320,131636,157763,289399,855334,808377,1663711,90218,55103,145321,644290,606981,1251271,120826,146293,267119,473444,440985,914429,2376,1349,3725,82566,50227,132793,352870,337866,690736,35632,51543,87175,315182,302700,617882,56,42,98,6481,3953,10434,68602,41420,110022,240043,257285,497328,86205,82106,168311,2,0,2,63,81,144,3980,2477,6457,82160,79548,161708,NA,NA,NA
2018-19,Tripura,375804,365572,741376,16729,13888,30617,168537,162844,331381,99608,98075,197683,61548,62987,124535,29382,27778,57160,18628,15680,34308,16729,13888,30617,1899,1792,3691,163673,158526,322199,161856,156742,318598,1817,1784,3601,97925,96247,194172,4686,4240,8926,91033,89690,180723,2206,2317,4523,58185,59404,117589,83,68,151,6452,6353,12805,50219,51277,101496,1431,1706,3137,31345,30279,61624,7,2,9,282,232,514,8556,8787,17343,22500,21258,43758,6048,5436,11484,6,0,6,24,16,40,567,606,1173,5451,4814,10265,NA,NA,NA
2018-19,Uttar Pradesh,23247214,21242344,44489558,204057,155087,359144,11788991,10997867,22786858,5449361,5165012,10614373,3367498,2837951,6205449,2437307,2086427,4523734,928737,783381,1712118,204057,155087,359144,724680,628294,1352974,11353612,10592629,21946241,10573528,9887139,20460667,780084,705490,1485574,5505963,5125034,10630997,474945,467246,942191,4125963,3903866,8029829,905055,753922,1658977,3147118,2736604,5883722,14274,13828,28102,504843,511346,1016189,1923823,1625810,3549633,704178,585620,1289798,1888600,1621672,3510272,1256,1125,2381,33354,38420,71774,483539,409846,893385,1370451,1172281,2542732,423184,383024,806208,308,235,543,5117,5890,11007,55081,48373,103454,362678,328526,691204,NA,NA,NA
2018-19,Uttarakhand,1294165,1158976,2453141,71099,56430,127529,564850,496740,1061590,311273,281285,592558,198935,179907,378842,148008,144614,292622,124125,104564,228689,71099,56430,127529,53026,48134,101160,525048,462935,987983,478023,420748,898771,47025,42187,89212,313805,279106,592911,32547,26870,59417,233883,210962,444845,47375,41274,88649,185043,169888,354931,1133,905,2038,28176,26141,54317,120989,110652,231641,34745,32190,66935,119694,114275,233969,115,75,190,2004,1843,3847,28131,25323,53454,89444,87034,176478,26450,28208,54658,6,8,14,185,152,337,2440,2658,5098,23819,25390,49209,NA,NA,NA
2018-19,West Bengal,8972890,9223060,18195950,866132,807167,1673299,4037789,3896093,7933882,2017817,2100756,4118573,1223688,1474594,2698282,827464,944450,1771914,918865,856443,1775308,866132,807167,1673299,52733,49276,102009,3859681,3711294,7570975,3772132,3628538,7400670,87549,82756,170305,2046300,2118340,4164640,207325,212969,420294,1682257,1732064,3414321,156718,173307,330025,1238977,1445542,2684519,3036,3124,6160,226922,260788,487710,881454,1040817,1922271,127565,140813,268378,770314,915841,1686155,1219,1102,2321,15955,20245,36200,171442,234089,405531,581698,660405,1242103,138753,175600,314353,1344,1084,2428,5134,4903,10037,14074,26381,40455,118201,143232,261433,NA,NA,NA
2019-20,India,137399463,127128112,264527575,7316838,6239054,13555892,63251749,58434954,121686703,33427571,31445816,64873387,20072356,18392077,38464433,13330949,12616211,25947160,11153473,9824483,20977956,7316838,6239054,13555892,3836635,3585429,7422064,59792473,55472487,115264960,56209090,52056698,108265788,3583383,3415789,6999172,33496052,31359113,64855165,3106257,2709044,5815301,26477634,24989099,51466733,3912161,3660970,7573131,18597407,17153759,35751166,92709,78404,171113,3132099,2832858,5964957,12914744,11885729,24800473,2457855,2356768,4814623,11481646,10811609,22293255,7058,5379,12437,211614,188270,399884,2971210,2611253,5582463,8291764,8006707,16298471,2878412,2506661,5385073,0,0,0,22841,19800,42641,274241,234125,508366,2581330,2252736,4834066,NA,NA,NA
2019-20,Andaman and Nicobar Islands,38794,38089,76883,4514,4242,8756,15136,14470,29606,9188,8981,18169,6544,6293,12837,3412,4103,7515,5214,5016,10230,4514,4242,8756,700,774,1474,14108,13626,27734,13384,12811,26195,724,815,1539,9041,8804,17845,1029,867,1896,7166,7139,14305,846,798,1644,5613,5651,11264,21,17,38,1194,958,2152,4083,4218,8301,315,458,773,3977,4143,8120,2,1,3,91,60,151,1478,1149,2627,2406,2933,5339,841,849,1690,0,0,0,13,9,22,137,128,265,691,712,1403,NA,NA,NA
2019-20,Andhra Pradesh,4313012,4010091,8323103,99762,86408,186170,1989042,1785425,3774467,1104938,1027165,2132103,687964,648735,1336699,431306,462358,893664,270309,268549,538858,99762,86408,186170,170547,182141,352688,1860213,1710513,3570726,1708554,1540749,3249303,151659,169764,321423,1120206,1032043,2152249,106277,60434,166711,862404,804864,1667268,151525,166745,318270,653016,613238,1266254,3325,1856,5181,84390,48543,132933,464314,440523,904837,100987,122316,223303,361776,352530,714306,339,245,584,5850,3405,9255,69338,40082,109420,286249,308798,595047,47492,33218,80710,0,0,0,635,589,1224,2787,1385,4172,44070,31244,75314,NA,NA,NA
2019-20,Arunachal Pradesh,174388,176662,351050,14928,13327,28255,86279,84360,170639,42012,44247,86259,20521,22507,43028,10648,12221,22869,23111,21184,44295,14928,13327,28255,8183,7857,16040,71972,70711,142683,67880,66694,134574,4092,4017,8109,41069,42600,83669,9451,9083,18534,28382,29881,58263,3236,3636,6872,22973,25107,48080,706,642,1348,7803,8224,16027,12661,13925,26586,1803,2316,4119,11746,13068,24814,59,84,143,1489,1811,3300,3916,4159,8075,6282,7014,13296,3517,3992,7509,0,0,0,246,314,560,708,787,1495,2563,2891,5454,NA,NA,NA
2019-20,Assam,3726869,3793231,7520100,262251,241951,504202,1859437,1817268,3676705,926070,989181,1915251,467441,535844,1003285,211670,208987,420657,332225,308184,640409,262251,241951,504202,69974,66233,136207,1798481,1764380,3562861,1722826,1686680,3409506,75655,77700,153355,880853,934949,1815802,64927,62810,127737,758821,809174,1567995,57105,62965,120070,439432,499139,938571,1605,1447,3052,87227,97581,184808,332617,381729,714346,17983,18382,36365,218381,231085,449466,105,98,203,3980,4352,8332,70458,83784,154242,143838,142851,286689,57497,55494,112991,0,0,0,387,374,761,7261,7366,14627,49849,47754,97603,NA,NA,NA
2019-20,Bihar,12815246,12505142,25320388,389897,255001,644898,6670180,6405013,13075193,3284500,3414018,6698518,1600590,1623746,3224336,870079,807364,1677443,597949,434318,1032267,389897,255001,644898,208052,179317,387369,6489156,6245565,12734721,6283977,6047733,12331710,205179,197832,403011,3613848,3744551,7358399,174763,174753,349516,2944526,3070346,6014872,494559,499452,994011,1383599,1373688,2757287,3268,3151,6419,127096,136763,263859,956460,956076,1912536,296775,277698,574473,600290,580341,1180631,120,59,179,6579,7700,14279,140544,156704,297248,453047,415878,868925,130404,126679,257083,0,0,0,1120,1377,2497,9027,11514,20541,120257,113788,234045,NA,NA,NA
2019-20,Chandigarh,142219,122732,264951,14408,12254,26662,49780,43927,93707,35114,29960,65074,21856,18674,40530,21061,17917,38978,16469,14319,30788,14408,12254,26662,2061,2065,4126,46589,41686,88275,44052,39249,83301,2537,2437,4974,34746,29830,64576,3589,2594,6183,28412,24520,52932,2745,2716,5461,22350,18913,41263,74,17,91,3899,2863,6762,15753,13482,29235,2624,2551,5175,18050,15276,33326,4,2,6,250,128,378,3172,2336,5508,14624,12810,27434,4015,2708,6723,0,0,0,16,12,28,186,140,326,3813,2556,6369,NA,NA,NA
2019-20,Chhattisgarh,3034316,2996893,6031209,188516,165490,354006,1356104,1295380,2651484,749495,731886,1481381,461221,482587,943808,278980,321550,600530,226819,200987,427806,188516,165490,354006,38303,35497,73800,1284045,1233127,2517172,1247158,1197464,2444622,36887,35663,72550,695985,678428,1374413,69355,61431,130786,589052,578768,1167820,37578,38229,75807,437435,451404,888839,1226,957,2183,117941,113123,231064,296374,311388,607762,21894,25936,47830,293442,330383,623825,62,31,93,5346,4149,9495,119101,125044,244145,168933,201159,370092,96590,102564,199154,0,0,0,269,183,452,8168,7926,16094,88153,94455,182608,NA,NA,NA
2019-20,Dadra and Nagar Haveli,46776,42234,89010,2131,1698,3829,22678,20445,43123,10412,9225,19637,7440,6655,14095,4115,4211,8326,2193,1762,3955,2131,1698,3829,62,64,126,19615,17960,37575,19401,17777,37178,214,183,397,12510,11187,23697,3116,2521,5637,8451,7627,16078,943,1039,1982,7086,6325,13411,88,79,167,1576,1314,2890,4962,4456,9418,460,476,936,4027,3841,7868,11,4,15,167,99,266,1379,1080,2459,2470,2658,5128,1345,1159,2504,0,0,0,4,2,6,156,80,236,1185,1077,2262,NA,NA,NA
2019-20,Daman and Diu,22643,20348,42991,1347,1139,2486,10419,9123,19542,5635,4977,10612,3387,3045,6432,1855,2064,3919,1830,1628,3458,1347,1139,2486,483,489,972,8918,8082,17000,8541,7669,16210,377,413,790,6005,5336,11341,1358,949,2307,4269,3860,8129,378,527,905,3267,2948,6215,37,16,53,900,661,1561,2227,2042,4269,103,229,332,2146,2068,4214,0,0,0,85,41,126,709,441,1150,1352,1586,2938,477,286,763,0,0,0,4,2,6,73,35,108,400,249,649,NA,NA,NA
2019-20,Delhi,2362965,2110678,4473643,154020,139006,293026,963919,847804,1811723,606032,533528,1139560,383492,343262,726754,255502,247078,502580,252232,227184,479416,154020,139006,293026,98212,88178,186390,914168,797390,1711558,829589,730356,1559945,84579,67034,151613,586805,509389,1096194,35803,29015,64818,469516,418778,888294,81486,61596,143082,353918,319374,673292,298,239,537,50279,45548,95827,247331,229141,476472,56010,44446,100456,218382,214090,432472,17,16,33,1658,2168,3826,52194,49023,101217,164513,162883,327396,37460,43251,80711,0,0,0,0,0,0,2481,3502,5983,34979,39749,74728,NA,NA,NA
2019-20,Goa,158512,148973,307485,13095,12172,25267,64225,60158,124383,37374,34621,71995,25599,23022,48621,18219,19000,37219,15020,13906,28926,13095,12172,25267,1925,1734,3659,60773,57180,117953,58933,55478,114411,1840,1702,3542,36911,34019,70930,3336,2921,6257,31479,29352,60831,2096,1746,3842,23908,21891,45799,31,25,56,3912,3462,7374,18615,16849,35464,1350,1555,2905,15332,16597,31929,0,0,0,136,102,238,4576,4215,8791,10620,12280,22900,6568,5380,11948,0,0,0,7,3,10,312,212,524,6249,5165,11414,NA,NA,NA
2019-20,Gujarat,6358883,5458331,11817214,187559,148048,335607,2924486,2604636,5529122,1641988,1443069,3085057,1042340,784225,1826565,562510,478353,1040863,432146,366862,799008,187559,148048,335607,244587,218814,463401,2741476,2438867,5180343,2552702,2273227,4825929,188774,165640,354414,1582205,1381583,2963788,125381,111142,236523,1312092,1161559,2473651,144732,108882,253614,968257,752339,1720596,1706,1337,3043,134051,110924,244975,751803,572360,1324163,80697,67718,148415,544647,449760,994407,110,116,226,6528,4597,11125,139298,98791,238089,398711,346256,744967,90152,68920,159072,0,0,0,543,349,892,6507,4192,10699,83102,64379,147481,NA,NA,NA
2019-20,Haryana,3307879,2699817,6007696,199876,153828,353704,1419217,1167256,2586473,802673,656764,1459437,537241,422002,959243,348872,299967,648839,362563,309956,672519,199876,153828,353704,162687,156128,318815,1289142,1073222,2362364,1152661,940197,2092858,136481,133025,269506,809412,657708,1467120,99423,68361,167784,577666,465443,1043109,132323,123904,256227,482649,381869,864518,4091,2414,6505,80794,53592,134386,310866,238635,549501,86898,87228,174126,297565,230671,528236,355,156,511,7200,4388,11588,84856,53781,138637,205154,172346,377500,66548,46391,112939,0,0,0,532,316,848,9196,5682,14878,56820,40393,97213,NA,NA,NA
2019-20,Himachal Pradesh,776657,705983,1482640,65964,57207,123171,301616,274912,576528,177323,160415,337738,128847,114452,243299,102907,98997,201904,103293,91696,194989,65964,57207,123171,37329,34489,71818,285163,261315,546478,255509,233616,489125,29654,27699,57353,175950,159257,335207,8533,6654,15187,136724,124325,261049,30693,28278,58971,114540,103397,217937,232,141,373,10433,8020,18453,83221,74329,157550,20654,20907,41561,82923,77389,160312,13,12,25,482,353,835,14158,11276,25434,68270,65748,134018,14788,12929,27717,0,0,0,30,18,48,775,569,1344,13983,12342,26325,NA,NA,NA
2019-20,Jammu and Kashmir,1334681,1207366,2542047,177356,157395,334751,571708,523143,1094851,299522,273567,573089,174451,154177,328628,111644,99084,210728,272333,245568,517901,177356,157395,334751,94977,88173,183150,523755,477013,1000768,456364,416197,872561,67391,60816,128207,281468,257841,539309,19794,18284,38078,209343,192134,401477,52331,47423,99754,142404,127254,269658,531,448,979,20793,18768,39561,99783,87814,187597,21297,20224,41521,89567,79205,168772,42,41,83,1829,1691,3520,20962,17586,38548,66734,59887,126621,25154,20485,45639,0,0,0,166,158,324,1375,1354,2729,23613,18973,42586,NA,NA,NA
2019-20,Jharkhand,4106795,3935072,8041867,309664,243066,552730,2005296,1880865,3886161,984010,1002898,1986908,476706,488825,965531,331119,319418,650537,391616,312413,704029,309664,243066,552730,81952,69347,151299,1877514,1769108,3646622,1812041,1707294,3519335,65473,61814,127287,1022907,1025133,2048040,107515,101223,208738,824345,837591,1661936,91047,86319,177366,467151,470731,937882,3538,2826,6364,85313,93871,179184,312140,316841,628981,66160,57193,123353,263766,272419,536185,250,175,425,7998,8615,16613,65581,77225,142806,189937,186404,376341,83841,85268,169109,0,0,0,881,1007,1888,7938,8440,16378,75022,75821,150843,NA,NA,NA
2019-20,Karnataka,6258371,5880734,12139105,324243,269977,594220,2829541,2614736,5444277,1606943,1520854,3127797,957117,879775,1836892,540527,595392,1135919,420527,368936,789463,324243,269977,594220,96284,98959,195243,2788358,2600542,5388900,2673085,2471835,5144920,115273,128707,243980,1588076,1495383,3083459,59090,43283,102373,1430586,1348750,2779336,98400,103350,201750,920068,859867,1779935,983,592,1575,57601,41196,98797,800335,737779,1538114,61149,80300,141449,469827,496583,966410,99,67,166,3053,1864,4917,56544,37634,94178,410131,457018,867149,71515,59423,130938,0,0,0,430,337,767,1838,1012,2850,69247,58074,127321,NA,NA,NA
2019-20,Kerala,3287627,3176444,6464071,318867,302593,621460,1270374,1213182,2483556,759893,726751,1486644,515267,488936,1004203,423226,444982,868208,383958,365628,749586,318867,302593,621460,65091,63035,128126,1214653,1162296,2376949,1146779,1097341,2244120,67874,64955,132829,763162,729942,1493104,57251,51807,109058,636492,611955,1248447,69419,66180,135599,493098,475055,968153,1097,862,1959,52643,47447,100090,390861,374856,765717,48497,51890,100387,371172,385185,756357,156,137,293,1947,1723,3670,53350,46374,99724,315719,336951,652670,61584,58338,119922,0,0,0,937,671,1608,1637,1526,3163,59010,56141,115151,NA,NA,NA
2019-20,Ladakh,28160,28873,57033,5182,4956,10138,11575,11318,22893,5872,6108,11980,3397,3759,7156,2134,2732,4866,6313,5989,12302,5182,4956,10138,1131,1033,2164,10078,10053,20131,9438,9322,18760,640,731,1371,5712,5921,11633,943,933,1876,4187,4367,8554,582,621,1203,3039,3360,6399,55,29,84,882,893,1775,1916,2158,4074,186,280,466,2210,2328,4538,8,1,9,134,112,246,801,835,1636,1267,1380,2647,808,1222,2030,0,0,0,29,5,34,98,145,243,681,1072,1753,NA,NA,NA
2019-20,Lakshadweep,6309,6297,12606,604,593,1197,2682,2442,5124,1246,1273,2519,834,943,1777,943,1046,1989,606,596,1202,604,593,1197,2,3,5,2579,2389,4968,2556,2361,4917,23,28,51,1313,1323,2636,124,78,202,1157,1161,2318,32,84,116,846,928,1774,0,0,0,66,84,150,766,816,1582,14,28,42,922,1024,1946,0,0,0,0,0,0,36,43,79,886,981,1867,43,37,80,0,0,0,0,0,0,0,0,0,43,37,80,NA,NA,NA
2019-20,Madhya Pradesh,8770735,7920911,16691646,500155,411394,911549,3964545,3650180,7614725,2245498,2050635,4296133,1295652,1112403,2408055,764885,696299,1461184,731681,623626,1355307,500155,411394,911549,231526,212232,443758,3634313,3356143,6990456,3436746,3177644,6614390,197567,178499,376066,2155451,1963684,4119135,287157,252541,539698,1694123,1561058,3255181,174171,150085,324256,1231193,1078999,2310192,8572,7374,15946,323623,287682,611305,788088,681396,1469484,110910,102547,213457,775287,687016,1462303,544,389,933,27701,21509,49210,300928,255335,556263,446114,409783,855897,242810,211443,454253,0,0,0,2484,1887,4371,32465,25587,58052,207861,183969,391830,NA,NA,NA
2019-20,Maharashtra,12257528,10796829,23054357,469886,409846,879732,5217559,4627949,9845508,3104825,2743209,5848034,1988545,1716461,3705006,1476713,1299364,2776077,514163,449913,964076,469886,409846,879732,44277,40067,84344,4943012,4432117,9375129,4782204,4276569,9058773,160808,155548,316356,3037226,2677287,5714513,383511,307729,691240,2477019,2202406,4679425,176696,167152,343848,1888388,1657967,3546355,6601,3159,9760,447847,372355,820202,1329312,1173642,2502954,104628,108811,213439,1399602,1231480,2631082,966,425,1391,15785,11145,26930,450553,358694,809247,932298,861216,1793514,475137,348065,823202,0,0,0,3366,1755,5121,31984,16973,48957,439787,329337,769124,NA,NA,NA
2019-20,Manipur,366220,352294,718514,38400,35851,74251,170929,162926,333855,78799,77045,155844,44625,44058,88683,33467,32414,65881,55739,52386,108125,38400,35851,74251,17339,16535,33874,153440,146746,300186,144002,137564,281566,9438,9182,18620,80160,78189,158349,9155,8468,17623,62579,61317,123896,8426,8404,16830,43586,43609,87195,391,334,725,6046,5882,11928,31916,31558,63474,5233,5835,11068,27070,25867,52937,42,25,67,638,596,1234,3872,3724,7596,22518,21522,44040,6225,5497,11722,0,0,0,98,68,166,411,372,783,5716,5057,10773,NA,NA,NA
2019-20,Meghalaya,576334,596537,1172871,115141,111027,226168,268514,263753,532267,112391,125756,238147,52823,63228,116051,27465,32773,60238,129835,125390,255225,115141,111027,226168,14694,14363,29057,207986,205312,413298,201584,197947,399531,6402,7365,13767,118495,126688,245183,47543,46816,94359,68482,76654,145136,2470,3218,5688,62816,73253,136069,4414,4355,8769,30268,34525,64793,27290,33338,60628,844,1035,1879,40612,46910,87522,279,272,551,6523,6536,13059,18378,21651,40029,15432,18451,33883,16590,18984,35574,0,0,0,716,676,1392,4685,5021,9706,11189,13287,24476,NA,NA,NA
2019-20,Mizoram,156497,151797,308294,19429,18767,38196,69715,65797,135512,34773,33256,68029,20474,21125,41599,12106,12852,24958,22987,22077,45064,19429,18767,38196,3558,3310,6868,55626,52913,108539,54559,51935,106494,1067,978,2045,35170,33993,69163,10913,10082,20995,23021,22718,45739,1236,1193,2429,21371,21563,42934,631,439,1070,9014,8276,17290,11035,11923,22958,691,925,1616,15179,15426,30605,54,31,85,1475,1134,2609,6844,7010,13854,6806,7251,14057,6164,5825,11989,0,0,0,196,150,346,1359,999,2358,4609,4676,9285,NA,NA,NA
2019-20,Nagaland,232992,228073,461065,45043,42355,87398,95273,91051,186324,49405,49747,99152,27241,28196,55437,16030,16724,32754,47954,45221,93175,45043,42355,87398,2911,2866,5777,81041,77586,158627,79112,75637,154749,1929,1949,3878,49845,49213,99058,12220,11461,23681,35978,36125,72103,1647,1627,3274,28988,29758,58746,943,996,1939,9652,9721,19373,17168,18036,35204,1225,1005,2230,18014,19298,37312,87,91,178,1614,1695,3309,7162,7371,14533,9151,10141,19292,7150,6997,14147,0,0,0,232,257,489,1264,1162,2426,5654,5578,11232,NA,NA,NA
2019-20,Odisha,4130052,3903763,8033815,175485,171436,346921,1848635,1730184,3578819,1081649,1004415,2086064,639097,613417,1252514,385186,384311,769497,430135,421038,851173,175485,171436,346921,254650,249602,504252,1709069,1605663,3314732,1467453,1370861,2838314,241616,234802,476418,1139752,1054435,2194187,112715,97651,210366,756937,696717,1453654,270100,260067,530167,437400,412683,850083,13693,11961,25654,79665,70292,149957,343616,330112,673728,426,318,744,319947,327820,647767,124,109,233,2886,2240,5126,22804,21156,43960,294133,304315,598448,93749,82124,175873,0,0,0,545,364,909,2577,2082,4659,90627,79678,170305,NA,NA,NA
2019-20,Puducherry,138937,133301,272238,16622,15348,31970,52467,49090,101557,32299,30361,62660,20986,20233,41219,16563,18269,34832,23751,22141,45892,16622,15348,31970,7129,6793,13922,52330,48689,101019,44784,41848,86632,7546,6841,14387,31302,29773,61075,549,445,994,23957,22704,46661,6796,6624,13420,18617,19186,37803,5,4,9,754,798,1552,13165,12352,25517,4693,6032,10725,11696,12270,23966,0,0,0,41,17,58,991,1208,2199,10664,11045,21709,1241,1242,2483,0,0,0,1,1,2,34,49,83,1206,1192,2398,NA,NA,NA
2019-20,Punjab,3422844,2904862,6327706,459971,391870,851841,1278715,1085375,2364090,774341,653197,1427538,528834,448723,977557,380983,325697,706680,460778,392598,853376,459971,391870,851841,807,728,1535,1230138,1057452,2287590,1226041,1052826,2278867,4097,4626,8723,769233,646118,1415351,51729,31732,83461,712956,609064,1322020,4548,5322,9870,510407,434615,945022,137,89,226,52083,36192,88275,407452,366079,773531,50735,32255,82990,394715,335141,729856,1,0,1,4796,3076,7872,102463,69815,172278,287455,262250,549705,57573,38938,96511,0,0,0,409,239,648,14371,7507,21878,42793,31192,73985,NA,NA,NA
2019-20,Rajasthan,9680382,8256985,17937367,651998,509701,1161699,4347312,3891312,8238624,2201120,1876304,4077424,1446472,1168976,2615448,1033480,810692,1844172,1049733,871445,1921178,651998,509701,1161699,397735,361744,759479,3786164,3376690,7162854,3556579,3185124,6741703,229585,191566,421151,2238571,1909210,4147781,381422,335332,716754,1610840,1379433,2990273,246309,194445,440754,1368639,1117337,2485976,10951,8649,19600,330924,280663,611587,833312,676706,1510018,193452,151319,344771,948268,756907,1705175,625,463,1088,27714,22892,50606,327361,266434,593795,592568,467118,1059686,289007,225396,514403,0,0,0,2057,1750,3807,39490,31391,70881,247460,192255,439715,NA,NA,NA
2019-20,Sikkim,71805,70727,142532,10270,9612,19882,25740,22909,48649,16540,16260,32800,12436,13661,26097,6819,8285,15104,11222,10526,21748,10270,9612,19882,952,914,1866,21193,19672,40865,20340,18860,39200,853,812,1665,14926,14585,29511,3727,2933,6660,10401,10746,21147,798,906,1704,10553,10821,21374,505,173,678,4157,3805,7962,5513,6301,11814,378,542,920,8948,9645,18593,216,29,245,960,773,1733,4673,5022,9695,3099,3821,6920,4963,5478,10441,0,0,0,169,124,293,1452,1432,2884,3342,3922,7264,NA,NA,NA
2019-20,Tamil Nadu,6801045,6516838,13317883,669077,590983,1260060,2697221,2515659,5212880,1614679,1523484,3138163,1036698,989587,2026285,783370,897125,1680495,1039756,952014,1991770,669077,590983,1260060,370679,361031,731710,2706621,2540774,5247395,2313438,2146516,4459954,393183,394258,787441,1593244,1518583,3111827,13104,8112,21216,1203296,1118630,2321926,376844,391841,768685,955248,964928,1920176,0,0,0,17650,10251,27901,640593,587113,1227706,297005,367564,664569,493626,531725,1025351,0,0,0,550,345,895,18956,10476,29432,474120,520904,995024,12550,8814,21364,0,0,0,0,0,0,305,157,462,12245,8657,20902,NA,NA,NA
2019-20,Telangana,3563960,3373680,6937640,147548,124617,272165,1619171,1490983,3110154,886305,837755,1724060,557355,534684,1092039,353581,385641,739222,302148,295391,597539,147548,124617,272165,154600,170774,325374,1505892,1418756,2924648,1372302,1262528,2634830,133590,156228,289818,873090,829081,1702171,90339,56523,146862,662828,626501,1289329,119923,146057,265980,449188,397516,846704,1930,1158,3088,82883,50687,133570,363682,344158,707840,693,1513,2206,250943,272690,523633,0,0,0,7004,4339,11343,70113,42326,112439,173826,226025,399851,182699,160246,342945,0,0,0,0,0,0,3637,2143,5780,179062,158103,337165,NA,NA,NA
2019-20,Tripura,372997,363941,736938,18326,15480,33806,166776,161814,328590,96571,95246,191817,61040,61915,122955,30284,29486,59770,19561,16712,36273,18326,15480,33806,1235,1232,2467,161935,157616,319551,160526,156246,316772,1409,1370,2779,94649,93114,187763,4920,4284,9204,88217,87248,175465,1512,1582,3094,58103,58332,116435,93,50,143,6727,6446,13173,50471,50945,101416,812,891,1703,32456,32383,64839,2,2,4,200,167,367,8546,8842,17388,23708,23372,47080,6293,5784,12077,0,0,0,18,15,33,511,546,1057,5764,5223,10987,NA,NA,NA
2019-20,Uttar Pradesh,23996544,21838011,45834555,267753,204743,472496,12273346,11437593,23710939,5650853,5327142,10977995,3339581,2793611,6133192,2465011,2074922,4539933,1120441,961312,2081753,267753,204743,472496,852688,756569,1609257,11734329,10930937,22665266,10910596,10186841,21097437,823733,744096,1567829,5639533,5217920,10857453,492704,474768,967472,4254383,4008259,8262642,892446,734893,1627339,3102485,2675764,5778249,16341,18391,34732,527871,527317,1055188,1892041,1577327,3469368,666232,552729,1218961,1916732,1636653,3553385,1017,1024,2041,40285,42891,83176,492042,426520,918562,1383388,1166218,2549606,483024,415425,898449,0,0,0,4581,4579,9160,63052,54871,117923,415391,355975,771366,NA,NA,NA
2019-20,Uttarakhand,1301599,1165671,2467270,70098,57302,127400,564902,497529,1062431,311342,280447,591789,203068,180869,383937,152189,149524,301713,119888,102350,222238,70098,57302,127400,49790,45048,94838,518116,456453,974569,475070,419238,894308,43046,37215,80261,310367,275340,585707,38358,31990,70348,230245,208819,439064,41764,34531,76295,191313,173161,364474,1562,1178,2740,34880,31706,66586,121200,110975,232175,33671,29302,62973,127593,123385,250978,122,75,197,2973,2560,5533,36329,32135,68464,88169,88615,176784,34322,34982,69304,0,0,0,198,147,345,3775,3228,7003,30349,31607,61956,NA,NA,NA
2019-20,West Bengal,9257890,9489902,18747792,907452,848371,1755823,4167235,4014987,8182222,2045941,2102069,4148010,1275174,1529466,2804640,862088,995009,1857097,956975,895662,1852637,907452,848371,1755823,49523,47291,96814,3990512,3833943,7824455,3898324,3744464,7642788,92188,89479,181667,2046854,2096673,4143527,215133,219034,434167,1697302,1729106,3426408,134419,148533,282952,1274463,1471789,2746252,3028,2999,6027,239262,262425,501687,931802,1094351,2026153,100371,112014,212385,830810,989007,1819817,1227,1199,2426,15667,18997,34664,196744,261972,458716,617172,706839,1324011,158276,202828,361104,0,0,0,1522,2062,3584,12209,24610,36819,144545,176156,320701,NA,NA,NA
2020-21,India,137435039,127014948,264449987,5703209,4942317,10645526,63529651,58491640,122021291,33965154,31889045,65854199,20383068,18623307,39006375,13853957,13068639,26922596,9490299,8420182,17910481,5703209,4942317,10645526,3787090,3477865,7264955,60545851,55957487,116503338,56943508,52542804,109486312,3602343,3414683,7017026,33859134,31599358,65458492,2722810,2400301,5123111,27280090,25634765,52914855,3856234,3564292,7420526,18667624,17205305,35872929,70484,65648,136132,2860518,2633211,5493729,13392206,12280374,25672580,2344416,2226072,4570488,11936793,11255124,23191917,5759,5022,10781,198098,182080,380178,2871571,2550035,5421606,8861365,8517987,17379352,2935338,2577492,5512830,0,0,0,24105,24306,48411,263057,228606,491663,2648176,2324580,4972756,NA,NA,NA
2020-21,Andaman and Nicobar Islands,37434,36470,73904,3525,3353,6878,14028,13392,27420,9031,8928,17959,6899,6245,13144,3951,4552,8503,3920,3761,7681,3525,3353,6878,395,408,803,13515,13129,26644,12619,12225,24844,896,904,1800,8728,8474,17202,996,746,1742,6920,6881,13801,812,847,1659,5793,5671,11464,17,13,30,1087,1036,2123,4273,4040,8313,416,582,998,4338,4469,8807,1,0,1,121,104,225,1559,1223,2782,2657,3142,5799,1140,966,2106,0,0,0,7,3,10,255,135,390,878,828,1706,NA,NA,NA
2020-21,Andhra Pradesh,4371872,4039052,8410924,107157,95181,202338,1995805,1806538,3802343,1121378,1035910,2157288,699938,653283,1353221,447594,448140,895734,480319,438333,918652,107157,95181,202338,373162,343152,716314,1622643,1463386,3086029,1622643,1463386,3086029,0,0,0,1121378,1035910,2157288,0,0,0,1121378,1035910,2157288,0,0,0,699938,653283,1353221,0,0,0,0,0,0,699938,653283,1353221,0,0,0,447594,448140,895734,0,0,0,0,0,0,0,0,0,447594,448140,895734,0,0,0,0,0,0,0,0,0,0,0,0,0,0,0,NA,NA,NA
2020-21,Arunachal Pradesh,171934,175680,347614,10444,9584,20028,85160,83936,169096,41267,44320,85587,22642,24189,46831,12421,13651,26072,18242,17226,35468,10444,9584,20028,7798,7642,15440,72679,71819,144498,68363,67334,135697,4316,4485,8801,40471,42612,83083,8388,8379,16767,28313,30231,58544,3770,4002,7772,23540,25495,49035,552,538,1090,7313,7949,15262,13448,14356,27804,2227,2652,4879,13206,14450,27656,59,43,102,1161,1464,2625,4771,5068,9839,7215,7875,15090,3796,4078,7874,0,0,0,164,191,355,653,763,1416,2979,3124,6103,NA,NA,NA
2020-21,Assam,3749480,3832539,7582019,238439,221831,460270,1873589,1832649,3706238,941722,1011924,1953646,476228,545790,1022018,219502,220345,439847,302640,283073,585713,238439,221831,460270,64201,61242,125443,1833894,1800779,3634673,1757422,1720743,3478165,76472,80036,156508,893069,951751,1844820,50840,49765,100605,786237,841752,1627989,55992,60234,116226,445905,508309,954214,1061,847,1908,75874,86648,162522,349785,400778,750563,19185,20036,39221,216429,231763,448192,65,52,117,2968,3294,6262,64981,78742,143723,148415,149675,298090,57543,56864,114407,0,0,0,171,194,365,5470,6036,11506,51902,50634,102536,NA,NA,NA
2020-21,Bihar,13567954,13067462,26635416,289413,198059,487472,7087578,6640705,13728283,3475667,3552349,7028016,1756057,1763914,3519971,959239,912435,1871674,502215,379658,881873,289413,198059,487472,212802,181599,394401,6943492,6524877,13468369,6736916,6326984,13063900,206576,197893,404469,3819742,3876284,7696026,134785,127846,262631,3145529,3221776,6367305,539428,526662,1066090,1510714,1515054,3025768,2935,4153,7088,113347,120594,233941,1064140,1076241,2140381,330292,314066,644358,652715,632960,1285675,140,123,263,7523,8707,16230,140299,148490,288789,504753,475640,980393,139076,138629,277705,0,0,0,2692,3379,6071,12190,12521,24711,124194,122729,246923,NA,NA,NA
2020-21,Chandigarh,139130,121408,260538,11779,10676,22455,48303,42909,91212,34199,29625,63824,23250,19310,42560,21599,18888,40487,13810,12524,26334,11779,10676,22455,2031,1848,3879,44676,40345,85021,42253,38016,80269,2423,2329,4752,33845,29292,63137,3963,3033,6996,27129,23742,50871,2753,2517,5270,22747,19178,41925,54,11,65,4382,3386,7768,16001,13525,29526,2310,2256,4566,19677,16974,36651,2,1,3,260,164,424,4221,3116,7337,15194,13693,28887,4375,3095,7470,0,0,0,5,4,9,275,152,427,4095,2939,7034,NA,NA,NA
2020-21,Chhattisgarh,2994633,2964398,5959031,139981,124338,264319,1360383,1296333,2656716,745791,727096,1472887,456242,475030,931272,292236,341601,633837,171044,153081,324125,139981,124338,264319,31063,28743,59806,1307296,1250545,2557841,1275302,1218984,2494286,31994,31561,63555,691071,673261,1364332,53111,48033,101144,606753,593491,1200244,31207,31737,62944,429712,444224,873936,865,542,1407,103270,99164,202434,304721,320393,625114,20856,24125,44981,310062,348952,659014,42,31,73,3400,2716,6116,114496,117603,232099,192124,228602,420726,85448,94335,179783,0,0,0,374,164,538,5818,5297,11115,79256,88874,168130,NA,NA,NA
2020-21,Daman and Diu and Dadra and Nagar Haveli,67236,61377,128613,2906,2466,5372,30620,27759,58379,18086,16353,34439,9976,8725,18701,5648,6074,11722,3261,2822,6083,2906,2466,5372,355,356,711,27047,24877,51924,26491,24352,50843,556,525,1081,18500,16626,35126,3676,2985,6661,14194,12993,27187,630,648,1278,10266,9503,19769,93,62,155,3098,2651,5749,6560,6047,12607,515,743,1258,6404,6091,12495,5,4,9,224,177,401,2573,1912,4485,3602,3998,7600,1758,1458,3216,0,0,0,14,7,21,213,118,331,1531,1333,2864,NA,NA,NA
2020-21,Delhi,2358431,2118202,4476633,128048,120292,248340,925377,823755,1749132,612766,540492,1153258,404481,357955,762436,287759,275708,563467,211744,194288,406032,128048,120292,248340,83696,73996,157692,883550,770716,1654266,802999,714214,1517213,80551,56502,137053,580781,505337,1086118,38200,35044,73244,470731,420245,890976,71850,50048,121898,371864,330501,702365,468,485,953,58297,60011,118308,258822,231344,490166,54277,38661,92938,255170,247673,502843,14,16,30,3187,3734,6921,69234,70842,140076,182735,173081,355816,55322,69687,125009,0,0,0,0,0,0,4575,5721,10296,50747,63966,114713,NA,NA,NA
2020-21,Goa,156113,146010,302123,10715,9801,20516,62280,58499,120779,37097,34680,71777,26831,23386,50217,19190,19644,38834,12040,11043,23083,10715,9801,20516,1325,1242,2567,59903,56301,116204,58119,54743,112862,1784,1558,3342,36516,34151,70667,2816,2505,5321,31687,29973,61660,2013,1673,3686,24830,22656,47486,18,8,26,3514,3061,6575,19621,17783,37404,1677,1804,3481,17157,16955,34112,2,1,3,99,79,178,4842,3754,8596,12214,13121,25335,5667,4904,10571,0,0,0,13,9,22,355,176,531,5299,4719,10018,NA,NA,NA
2020-21,Gujarat,6156492,5339349,11495841,103948,83899,187847,2847754,2534675,5382429,1636748,1445579,3082327,1032325,809118,1841443,535717,466078,1001795,329452,289412,618864,103948,83899,187847,225504,205513,431017,2742082,2442142,5184224,2527148,2248276,4775424,214934,193866,408800,1552335,1362255,2914590,93613,79640,173253,1308538,1158584,2467122,150184,124031,274215,916293,734957,1651250,1378,1169,2547,108244,89551,197795,735458,579248,1314706,71213,64989,136202,527701,440459,968160,111,77,188,4554,3253,7807,140103,101643,241746,382933,335486,718419,88629,70124,158753,0,0,0,478,325,803,6580,4196,10776,81571,65603,147174,NA,NA,NA
2020-21,Haryana,3187935,2620705,5808640,115650,90837,206487,1367212,1131360,2498572,794337,648976,1443313,537284,426995,964279,373452,322537,695989,272220,238548,510768,115650,90837,206487,156570,147711,304281,1242436,1034093,2276529,1112081,912484,2024565,130355,121609,251964,791744,650718,1442462,94520,68526,163046,571050,462664,1033714,126174,119528,245702,489101,392194,881295,3783,2486,6269,84170,58954,143124,312499,242667,555166,88649,88087,176736,314497,248875,563372,258,153,411,8105,5288,13393,87697,58457,146154,218437,184977,403414,77937,56277,134214,0,0,0,657,461,1118,10914,6343,17257,66366,49473,115839,NA,NA,NA
2020-21,Himachal Pradesh,747625,679464,1427089,49681,44093,93774,290534,264666,555200,177686,162206,339892,124667,109083,233750,105057,99416,204473,84464,76413,160877,49681,44093,93774,34783,32320,67103,280294,256424,536718,249314,227274,476588,30980,29150,60130,171431,156156,327587,6259,4924,11183,137385,125592,262977,27787,25640,53427,113724,101749,215473,163,139,302,8915,7155,16070,83165,72724,155889,21481,21731,43212,83056,75988,159044,15,9,24,376,295,671,13054,10178,23232,69611,65506,135117,14656,12734,27390,0,0,0,30,14,44,661,541,1202,13965,12179,26144,NA,NA,NA
2020-21,Jammu and Kashmir,1354407,1221951,2576358,155079,139510,294589,568559,522456,1091015,301755,275000,576755,179809,157978,337787,149205,127007,276212,244602,221518,466120,155079,139510,294589,89523,82008,171531,527168,484087,1011255,460541,423445,883986,66627,60642,127269,284574,257969,542543,17899,16545,34444,214853,195629,410482,51822,45795,97617,152340,133301,285641,551,441,992,18598,17134,35732,104622,91479,196101,28569,24247,52816,109104,94640,203744,45,17,62,1442,1390,2832,21720,19222,40942,85897,74011,159908,36619,30436,67055,0,0,0,235,205,440,1645,1482,3127,34739,28749,63488,NA,NA,NA
2020-21,Jharkhand,4036707,3878483,7915190,197076,154908,351984,1969395,1834184,3803579,1023517,1031686,2055203,493591,508374,1001965,353128,349331,702459,270338,216498,486836,197076,154908,351984,73262,61590,134852,1862927,1741811,3604738,1799647,1684746,3484393,63280,57065,120345,1036242,1031667,2067909,93477,85285,178762,867175,872801,1739976,75590,73581,149171,470451,480868,951319,2770,2410,5180,84888,92848,177736,330073,336899,666972,52720,48711,101431,297105,304282,601387,239,153,392,7166,7917,15083,79923,88877,168800,209777,207335,417112,99644,103357,203001,0,0,0,1008,1055,2063,8005,9017,17022,90631,93285,183916,NA,NA,NA
2020-21,Karnataka,6100839,5755897,11856736,148714,129597,278311,2758532,2557571,5316103,1622911,1535279,3158190,989476,916740,1906216,581206,616710,1197916,272060,256482,528542,148714,129597,278311,123346,126885,250231,2708517,2538030,5246547,2560050,2378584,4938634,148467,159446,307913,1591517,1510268,3101785,73596,51255,124851,1392292,1316844,2709136,125629,142169,267798,921192,855013,1776205,1363,775,2138,77887,56214,134101,782148,721848,1503996,59794,76176,135970,510289,514735,1025024,177,72,249,3686,2368,6054,78285,50836,129121,428141,461459,889600,97264,81369,178633,0,0,0,579,407,986,3414,1887,5301,93271,79075,172346,NA,NA,NA
2020-21,Kerala,3240299,3138772,6379071,282674,273318,555992,1257560,1202998,2460558,761333,729084,1490417,512557,488061,1000618,426175,445311,871486,359266,348255,707521,282674,273318,555992,76592,74937,151529,1211039,1160528,2371567,1138983,1089925,2228908,72056,70603,142659,751887,724493,1476380,41119,37584,78703,644931,619687,1264618,65837,67222,133059,490938,469925,960863,712,468,1180,42448,37307,79755,402675,383030,785705,45103,49120,94223,367253,378309,745562,154,84,238,1144,927,2071,43111,36925,80036,322844,340373,663217,59916,57262,117178,0,0,0,754,560,1314,934,884,1818,58228,55818,114046,NA,NA,NA
2020-21,Ladakh,29441,29812,59253,5551,5093,10644,11693,11289,22982,5923,6155,12078,3520,3870,7390,2754,3405,6159,6516,6063,12579,5551,5093,10644,965,970,1935,10272,9998,20270,9570,9215,18785,702,783,1485,5802,6090,11892,1108,1074,2182,4142,4358,8500,552,658,1210,3234,3463,6697,45,28,73,934,908,1842,2087,2260,4347,168,267,435,2219,2964,5183,5,2,7,142,101,243,767,838,1605,1305,2023,3328,1398,1234,2632,0,0,0,3,5,8,114,114,228,1281,1115,2396,NA,NA,NA
2020-21,Lakshadweep,6750,6364,13114,547,536,1083,2707,2587,5294,1302,1155,2457,1164,1080,2244,1030,1006,2036,547,536,1083,547,536,1083,0,0,0,2680,2566,5246,2632,2533,5165,48,33,81,1436,1233,2669,75,54,129,1221,1095,2316,140,84,224,1059,993,2052,0,0,0,33,27,60,985,926,1911,41,40,81,984,932,1916,0,0,0,0,0,0,39,70,109,945,862,1807,44,104,148,0,0,0,0,0,0,0,0,0,44,104,148,NA,NA,NA
2020-21,Madhya Pradesh,8506740,7735628,16242368,430147,355976,786123,3883132,3574207,7457339,2228271,2046802,4275073,1202941,1053461,2256402,762249,705182,1467431,641260,547538,1188798,430147,355976,786123,211113,191562,402675,3653946,3366401,7020347,3435261,3169879,6605140,218685,196522,415207,2107071,1931758,4038829,229919,206536,436455,1708022,1577157,3285179,169130,148065,317195,1125312,1006707,2132019,6497,5832,12329,275090,250639,525729,730129,645264,1375393,113596,104972,218568,742769,669875,1412644,342,398,740,24092,20209,44301,274101,236202,510303,444234,413066,857300,236382,213349,449731,0,0,0,2382,2275,4657,29581,23930,53511,204419,187144,391563,NA,NA,NA
2020-21,Maharashtra,11934392,10577447,22511839,317166,279766,596932,5030291,4514119,9544410,3107096,2739490,5846586,1996134,1729080,3725214,1483705,1314992,2798697,357055,315580,672635,317166,279766,596932,39889,35814,75703,4737210,4293120,9030330,4595834,4157669,8753503,141376,135451,276827,3013574,2658086,5671660,387554,316791,704345,2459380,2184138,4643518,166640,157157,323797,1898165,1665339,3563504,6139,3413,9552,486054,405712,891766,1300140,1150875,2451015,105832,105339,211171,1444719,1272391,2717110,875,432,1307,17565,12605,30170,497353,402424,899777,928926,856930,1785856,483669,372931,856600,0,0,0,2721,1584,4305,32001,18624,50625,448947,352723,801670,NA,NA,NA
2020-21,Manipur,363216,350910,714126,34214,32076,66290,169006,161823,330829,78642,77141,155783,45737,45334,91071,35617,34536,70153,52553,49327,101880,34214,32076,66290,18339,17251,35590,152487,146512,298999,142556,136877,279433,9931,9635,19566,80250,78612,158862,7865,7470,15335,63224,62094,125318,9161,9048,18209,43396,42946,86342,229,210,439,5046,5091,10137,32874,32527,65401,5247,5118,10365,29497,29214,58711,17,15,32,413,291,704,3443,3507,6950,25624,25401,51025,5033,4299,9332,0,0,0,28,30,58,259,252,511,4746,4017,8763,NA,NA,NA
2020-21,Meghalaya,578436,600290,1178726,112085,108145,220230,273092,268417,541509,114362,128055,242417,53179,64608,117787,25718,31065,56783,126943,122437,249380,112085,108145,220230,14858,14292,29150,219693,215457,435150,212559,207987,420546,7134,7470,14604,117573,127272,244845,42263,42673,84936,72727,81254,153981,2583,3345,5928,61556,71528,133084,3216,3214,6430,28911,33275,62186,28575,33955,62530,854,1084,1938,37320,44814,82134,196,251,447,5075,5583,10658,18035,22514,40549,14014,16466,30480,15351,18782,34133,0,0,0,515,473,988,3986,4794,8780,10850,13515,24365,NA,NA,NA
2020-21,Mizoram,153213,149626,302839,17430,16838,34268,69079,64969,134048,35362,34158,69520,19262,20775,40037,12080,12886,24966,20969,20120,41089,17430,16838,34268,3539,3282,6821,56262,53389,109651,54974,52083,107057,1288,1306,2594,34532,33515,68047,10050,9208,19258,23887,23587,47474,595,720,1315,20616,20955,41571,472,360,832,8995,8387,17382,10238,11230,21468,911,978,1889,15071,15760,30831,44,36,80,1075,786,1861,7425,7876,15301,6527,7062,13589,5763,5887,11650,0,0,0,117,92,209,1004,949,1953,4642,4846,9488,NA,NA,NA
2020-21,Nagaland,226175,223923,450098,41872,39738,81610,92336,88836,181172,49065,49404,98469,27592,29044,56636,15310,16901,32211,45393,43143,88536,41872,39738,81610,3521,3405,6926,80625,77052,157677,78136,74534,152670,2489,2518,5007,47870,47994,95864,9902,10044,19946,36167,35937,72104,1801,2013,3814,28382,29690,58072,718,785,1503,8670,8998,17668,17702,18452,36154,1292,1455,2747,16864,19204,36068,59,68,127,1519,1716,3235,6840,7365,14205,8446,10055,18501,7041,6840,13881,0,0,0,220,235,455,1249,1214,2463,5572,5391,10963,NA,NA,NA
2020-21,Odisha,4076193,3836395,7912588,83030,69060,152090,1834628,1715165,3549793,1107699,1034862,2142561,684742,640721,1325463,366094,376587,742681,245158,228100,473258,83030,69060,152090,162128,159040,321168,1965305,1879498,3844803,1649055,1550464,3199519,316250,329034,645284,1147473,1029459,2176932,23445,5661,29106,785618,705828,1491446,338410,317970,656380,347228,318129,665357,0,0,0,5831,0,5831,340767,317846,658613,630,283,913,337380,355471,692851,0,0,0,0,0,0,5565,4905,10470,331815,350566,682381,33649,25738,59387,0,0,0,0,0,0,0,0,0,33649,25738,59387,NA,NA,NA
2020-21,Puducherry,135066,128567,263633,11987,11108,23095,52485,48723,101208,32513,30440,62953,21271,20236,41507,16810,18060,34870,18842,17289,36131,11987,11108,23095,6855,6181,13036,51870,47811,99681,45106,42021,87127,6764,5790,12554,31664,29155,60819,523,519,1042,24883,23515,48398,6258,5121,11379,18438,18839,37277,1,2,3,835,1106,1941,13648,13750,27398,3954,3981,7935,12670,13938,26608,0,0,0,31,27,58,1328,1268,2596,11311,12643,23954,1582,1535,3117,0,0,0,0,2,2,37,97,134,1545,1436,2981,NA,NA,NA
2020-21,Punjab,3433529,2885519,6319048,395693,343534,739227,1271177,1078840,2350017,793511,662673,1456184,563801,452322,1016123,409347,348150,757497,408305,354789,763094,395693,343534,739227,12612,11255,23867,1255907,1068685,2324592,1204853,1029097,2233950,51054,39588,90642,862639,714082,1576721,52270,37514,89784,741854,622615,1364469,68515,53953,122468,508623,411088,919711,1334,900,2234,603,470,1073,487242,393394,880636,19444,16324,35768,310358,280022,590380,108,74,182,0,0,0,7192,4430,11622,303058,275518,578576,87697,56853,144550,0,0,0,0,0,0,852,545,1397,86845,56308,143153,NA,NA,NA
2020-21,Rajasthan,9602734,8254723,17857457,421300,331511,752811,4402364,3917474,8319838,2264719,1962198,4226917,1440639,1172108,2612747,1073712,871432,1945144,790720,659449,1450169,421300,331511,752811,369420,327938,697358,3919036,3486334,7405370,3668392,3271578,6939970,250644,214756,465400,2236424,1928937,4165361,353531,309025,662556,1654741,1435762,3090503,228152,184150,412302,1363715,1128874,2492589,10293,8376,18669,326322,283247,609569,831179,679036,1510215,195921,158215,354136,981233,799154,1780387,728,557,1285,30656,26487,57143,334899,272292,607191,614950,499818,1114768,311606,251975,563581,0,0,0,2356,1946,4302,46409,36630,83039,262841,213399,476240,NA,NA,NA
2020-21,Sikkim,69453,68191,137644,9927,9028,18955,24993,22312,47305,15780,15487,31267,11347,12152,23499,7406,9212,16618,10896,10004,20900,9927,9028,18955,969,976,1945,21474,19863,41337,20610,18937,39547,864,926,1790,14216,13601,27817,2926,2243,5169,10587,10608,21195,703,750,1453,10038,10286,20324,395,137,532,3565,3309,6874,5673,6171,11844,405,669,1074,8576,9540,18116,93,19,112,683,586,1269,4081,4293,8374,3719,4642,8361,4253,4897,9150,0,0,0,81,58,139,890,938,1828,3282,3901,7183,NA,NA,NA
2020-21,Tamil Nadu,6621165,6323336,12944501,473190,425818,899008,2672562,2488995,5161557,1601099,1509666,3110765,1050966,992426,2043392,823348,906431,1729779,831657,771134,1602791,473190,425818,899008,358467,345316,703783,2693451,2519723,5213174,2314077,2143665,4457742,379374,376058,755432,1605360,1517909,3123269,18,14,32,1221720,1133608,2355328,383622,384287,767909,971219,958584,1929803,0,0,0,5,0,5,667344,608137,1275481,303870,350447,654317,505943,546814,1052757,0,0,0,0,0,0,0,2,2,505943,546812,1052755,13535,9172,22707,0,0,0,0,0,0,0,0,0,13535,9172,22707,NA,NA,NA
2020-21,Telangana,3601536,3363017,6964553,127166,106283,233449,1581978,1449369,3031347,928336,866417,1794753,575553,546364,1121917,388503,394584,783087,265997,252372,518369,127166,106283,233449,138831,146089,284920,1495718,1413785,2909503,1352276,1246774,2599050,143442,167011,310453,914008,856043,1770051,89416,55651,145067,693489,643643,1337132,131103,156749,287852,458090,408312,866402,1450,852,2302,83198,50857,134055,367514,343031,710545,5928,13572,19500,300129,306002,606131,5,3,8,7767,4530,12297,72615,43984,116599,219742,257485,477227,167594,126503,294097,0,0,0,440,376,816,4321,2600,6921,162833,123527,286360,NA,NA,NA
2020-21,Tripura,355215,350788,706003,15310,13164,28474,161299,157158,318457,92938,91326,184264,52692,55258,107950,32976,33882,66858,16680,14480,31160,15310,13164,28474,1370,1316,2686,156401,152228,308629,154350,150427,304777,2051,1801,3852,89525,88223,177748,5508,5365,10873,81941,81103,163044,2076,1755,3831,51433,53422,104855,70,48,118,8436,8042,16478,41660,44076,85736,1267,1256,2523,33695,35229,68924,1,2,3,457,346,803,8509,9026,17535,24728,25855,50583,7481,7206,14687,0,0,0,53,34,87,447,401,848,6981,6771,13752,NA,NA,NA
2020-21,Uttar Pradesh,24381823,22022683,46404506,230384,180755,411139,12527017,11599200,24126217,5732984,5391750,11124734,3344964,2734260,6079224,2546474,2116718,4663192,1022525,874300,1896825,230384,180755,411139,792141,693545,1485686,11964383,11076616,23040999,11157198,10341032,21498230,807185,735584,1542769,5726094,5284900,11010994,557301,539379,1096680,4325531,4060016,8385547,843262,685505,1528767,3141695,2674348,5816043,19277,23838,43115,546902,539383,1086285,1922704,1568780,3491484,652812,542347,1195159,2001780,1671828,3673608,1100,1406,2506,46710,48336,95046,515393,425733,941126,1438577,1196353,2634930,525346,440691,966037,0,0,0,6656,8431,15087,63605,54242,117847,455085,378018,833103,NA,NA,NA
2020-21,Uttarakhand,1281669,1144385,2426054,50739,41250,91989,559003,490608,1049611,313092,281109,594201,200603,178065,378668,158232,153353,311585,97761,83014,180775,50739,41250,91989,47022,41764,88786,523166,460455,983621,478882,421034,899916,44284,39421,83705,307117,273125,580242,31811,26864,58675,233742,210444,444186,41564,35817,77381,189751,171177,360928,1229,897,2126,32030,28749,60779,122562,109538,232100,33930,31993,65923,131646,125157,256803,59,49,108,2820,2323,5143,33113,29936,63049,95654,92849,188503,32228,31457,63685,0,0,0,216,172,388,3364,2774,6138,28648,28511,57159,NA,NA,NA
2020-21,West Bengal,9639772,9766125,19405897,930242,860895,1791137,4368140,4163164,8531304,2107169,2131270,4238439,1334708,1577967,2912675,899513,1032829,1932342,978885,907572,1886457,930242,860895,1791137,48643,46677,95320,4202807,3994105,8196912,4116296,3911283,8027579,86511,82822,169333,2092675,2112140,4204815,200067,202121,402188,1762119,1769208,3531327,130489,140811,271300,1326326,1508744,2835070,2336,2209,4545,243726,261348,505074,981234,1135441,2116675,99030,109746,208776,872183,1031100,1903283,798,874,1672,13677,16277,29954,210004,276482,486486,647704,737467,1385171,166896,212464,379360,0,0,0,1136,1615,2751,12981,25233,38214,152779,185616,338395,NA,NA,NA
2021-22,India,137900578,127335252,265235830,5051523,4443684,9495207,63517655,58324595,121842250,34511750,32278942,66790692,20071918,18456713,38528631,14747732,13831318,28579050,12055399,10856325,22911724,4811883,4253596,9065479,7243516,6602729,13846245,60940660,56238788,117179448,54331742,50075648,104407390,6369278,5973052,12342330,33676967,31381268,65058235,1891861,1608132,3499993,25942956,24371948,50314904,5842150,5401188,11243338,18371294,16880598,35251892,46280,35138,81418,2039110,1797833,3836943,12057135,11158039,23215174,4228769,3889588,8118357,10840074,10185144,21025218,4256,2948,7204,142978,121524,264502,2006100,1759476,3765576,8686740,8301196,16987936,2016184,1793129,3809313,NA,NA,NA,17428,14585,32013,166533,138010,304543,1832223,1640534,3472757,239640,190088,429728
2021-22,Andaman and Nicobar Islands,37536,36325,73861,3449,3436,6885,13293,12671,25964,9088,8631,17719,5976,5834,11810,5730,5753,11483,3907,3925,7832,3172,3220,6392,735,705,1440,13559,13024,26583,11992,11511,23503,1290,1297,2587,8833,8460,17293,560,448,1008,7038,6729,13767,1235,1283,2518,5879,5797,11676,4,5,9,705,567,1272,4000,3960,7960,1170,1265,2435,4198,4215,8413,2,2,4,46,33,79,680,537,1217,3470,3643,7113,1160,904,2064,NA,NA,NA,9,5,14,61,54,115,1090,845,1935,277,216,493
2021-22,Andhra Pradesh,4278015,3966632,8244647,41948,35443,77391,1942766,1782027,3724793,1132406,1036628,2169034,694292,646958,1341250,466603,465576,932179,321631,307968,629599,40794,34539,75333,280837,273429,554266,1847195,1723850,3571045,1598921,1471237,3070158,247120,251709,498829,1109852,1026512,2136364,60542,35659,96201,821435,747489,1568924,227875,243364,471239,621387,554352,1175739,2204,1520,3724,58561,33991,92552,416895,375202,792097,143727,143639,287366,343851,326734,670585,262,182,444,4691,2948,7639,46006,26261,72267,292892,297343,590235,34099,27216,61315,NA,NA,NA,599,491,1090,3516,2131,5647,29984,24594,54578,1154,904,2058
2021-22,Arunachal Pradesh,177336,177046,354382,13517,12559,26076,83662,80399,164061,41309,43621,84930,22471,22984,45455,16377,17483,33860,27123,25847,52970,12628,11866,24494,14495,13981,28476,74268,72411,146679,64261,61869,126130,9118,9849,18967,40169,41459,81628,4609,4336,8945,27929,29430,57359,7631,7693,15324,21064,21919,42983,275,203,478,3483,3623,7106,12524,12984,25508,4782,5109,9891,12219,12860,25079,22,10,32,621,592,1213,2084,2087,4171,9492,10171,19663,2493,2550,5043,NA,NA,NA,158,127,285,232,220,452,2103,2203,4306,889,693,1582
2021-22,Assam,3720048,3824912,7544960,228797,214591,443388,1844170,1801193,3645363,917373,988402,1905775,465492,539190,1004682,264216,281536,545752,406919,384303,791222,223899,210225,434124,183020,174078,357098,1799081,1771768,3570849,1631762,1598916,3230678,162421,168486,330907,866406,938931,1805337,28815,27747,56562,711180,771769,1482949,126411,139415,265826,402636,464074,866710,528,433,961,41453,45833,87286,301297,354504,655801,59358,63304,122662,212802,233059,445861,45,19,64,2151,2123,4274,35010,42196,77206,175596,188721,364317,32204,32777,64981,NA,NA,NA,168,191,359,2774,3075,5849,29262,29511,58773,4898,4366,9264
2021-22,Bihar,14054053,13418639,27472692,251500,174754,426254,7339469,6840063,14179532,3635833,3617710,7253543,1804240,1814058,3618298,1023011,972054,1995065,863747,730769,1594516,236051,164875,400926,627696,565894,1193590,7227619,6766551,13994170,6649139,6217215,12866354,563031,539457,1102488,3817518,3808948,7626466,61976,56409,118385,3021280,3026052,6047332,734262,726487,1460749,1465063,1455781,2920844,579,492,1071,49094,49309,98403,958472,970494,1928966,456918,435486,892404,583220,562544,1145764,79,53,132,1958,2342,4300,102996,106996,209992,478187,453153,931340,96886,94046,190932,NA,NA,NA,470,550,1020,8510,10081,18591,87906,83415,171321,15449,9879,25328
2021-22,Chandigarh,143711,124916,268627,11507,10552,22059,50841,45107,95948,34343,29759,64102,23967,19828,43795,23053,19670,42723,14262,13123,27385,10613,9782,20395,3649,3341,6990,48645,43533,92178,44011,39327,83338,3740,3436,7176,33421,29094,62515,3138,2414,5552,26586,23238,49824,3697,3442,7139,23609,20411,44020,40,25,65,3827,2969,6796,16175,13665,29840,3567,3752,7319,20061,16439,36500,3,0,3,182,112,294,3890,2575,6465,15986,13752,29738,3713,2316,6029,NA,NA,NA,8,4,12,205,146,351,3500,2166,5666,894,770,1664
2021-22,Chhattisgarh,3013246,2978951,5992197,120536,107431,227967,1379792,1312721,2692513,753340,733078,1486418,410149,430023,840172,349429,395698,745127,238786,218783,457569,115102,102673,217775,123684,116110,239794,1317875,1257762,2575637,1224852,1169762,2394614,87589,83242,170831,702239,688953,1391192,30753,26511,57264,606869,595687,1202556,64617,66755,131372,404140,422775,826915,443,302,745,56694,52777,109471,287474,304042,591516,59529,65654,125183,296384,332753,629137,60,36,96,1909,1262,3171,56208,57652,113860,238207,273803,512010,53822,57925,111747,NA,NA,NA,279,110,389,1850,1574,3424,51693,56241,107934,5434,4758,10192
2021-22,Daman and Diu and Dadra and Nagar Haveli,70068,63290,133358,2738,2373,5111,31296,28290,59586,18697,16653,35350,10087,8584,18671,7250,7390,14640,3373,2991,6364,2530,2218,4748,843,773,1616,29360,26867,56227,27857,25501,53358,1295,1211,2506,19225,17203,36428,2538,1973,4511,15181,13743,28924,1506,1487,2993,10083,9097,19180,55,41,96,2055,1554,3609,6458,5586,12044,1515,1916,3431,6587,6041,12628,3,2,5,157,134,291,1897,1388,3285,4530,4517,9047,1440,1091,2531,NA,NA,NA,9,11,20,226,123,349,1205,957,2162,208,155,363
2021-22,Delhi,2411323,2160784,4572107,128967,124658,253625,928498,825932,1754430,633559,557216,1190775,386581,338694,725275,333718,314284,648002,217642,202787,420429,125348,121646,246994,92294,81141,173435,899520,776837,1676357,805067,715606,1520673,90834,58219,149053,593434,506578,1100012,30783,28848,59631,480351,425977,906328,82300,51753,134053,383032,337809,720841,325,299,624,58725,68975,127700,246413,220222,466635,77569,48313,125882,265569,263651,529220,29,38,67,3649,4045,7694,54311,62498,116809,207580,197070,404650,52126,73122,125248,NA,NA,NA,0,0,0,3557,4221,7778,48569,68901,117470,3619,3012,6631
2021-22,Goa,157027,147955,304982,11457,11099,22556,62585,58771,121356,37525,34785,72310,24279,22587,46866,21181,20713,41894,17938,16860,34798,11215,10910,22125,6723,5950,12673,59394,55412,114806,53531,50659,104190,5621,4564,10185,36415,33889,70304,2248,2118,4366,28932,27511,56443,5235,4260,9495,21750,21411,43161,76,37,113,2710,2564,5274,16302,15800,32102,2662,3010,5672,17359,17011,34370,7,7,14,143,80,223,2604,2458,5062,14605,14466,29071,4171,3372,7543,NA,NA,NA,119,66,185,138,69,207,3914,3237,7151,242,189,431
2021-22,Gujarat,6158736,5383540,11542276,90861,73830,164691,2848644,2538546,5387190,1638632,1452353,3090985,959454,791062,1750516,621145,527749,1148894,518050,461861,979911,87393,71407,158800,430657,390454,821111,2767050,2464950,5232000,2359589,2099388,4458977,403993,363139,767132,1570270,1372756,2943026,57311,47938,105249,1185180,1049777,2234957,327779,275041,602820,850507,703142,1553649,1002,721,1723,46356,37181,83537,580216,477707,1057923,222933,187533,410466,418946,354407,773353,85,45,130,2628,1874,4502,49373,36880,86253,366860,315608,682468,33913,26424,60337,NA,NA,NA,475,382,857,2086,1434,3520,31352,24608,55960,3468,2423,5891
2021-22,Haryana,3306187,2729492,6035679,135943,107702,243645,1406310,1172952,2579262,813172,667167,1480339,526975,425168,952143,423787,356503,780290,348724,300040,648764,129112,103090,232202,219612,196950,416562,1297599,1087270,2384869,1113118,920767,2033885,177650,161891,339541,805528,664482,1470010,70651,53190,123841,569864,459657,1029521,165013,151635,316648,492933,399890,892823,2753,1939,4692,60062,41741,101803,296590,230276,526866,133528,125934,259462,299073,234547,533620,176,106,282,5220,3609,8829,59208,39063,98271,234469,191769,426238,62330,43263,105593,NA,NA,NA,376,269,645,6164,4194,10358,55790,38800,94590,6831,4612,11443
2021-22,Himachal Pradesh,752697,684325,1437022,55078,49796,104874,288640,262353,550993,178750,163945,342695,114016,102413,216429,116213,105818,222031,106364,97139,203503,54096,49028,103124,52268,48111,100379,280700,255719,536419,232001,210754,442755,47717,44197,91914,171843,157851,329694,4213,3374,7587,124758,114849,239607,42872,39628,82500,112957,100791,213748,144,100,244,5729,4504,10233,65185,57989,123174,41899,38198,80097,72835,66642,139477,14,14,28,428,301,729,5607,4496,10103,66786,61831,128617,7998,6183,14181,NA,NA,NA,118,94,212,352,300,652,7528,5789,13317,982,768,1750
2021-22,Jammu and Kashmir,1423914,1294730,2718644,205990,189259,395249,576318,530614,1106932,301526,275979,577505,182592,161893,344485,157488,136985,294473,319410,294195,613605,200515,184098,384613,118895,110097,228992,537960,495638,1033598,443095,408083,851178,89390,82394,171784,289453,262992,552445,13883,12060,25943,199516,182712,382228,76054,68220,144274,150002,133656,283658,401,338,739,11584,10046,21630,93420,82997,176417,44597,40275,84872,102580,88638,191218,44,36,80,936,761,1697,12280,10000,22280,89320,77841,167161,24509,19611,44120,NA,NA,NA,100,66,166,838,676,1514,23571,18869,42440,5475,5161,10636
2021-22,Jharkhand,4060838,3909912,7970750,157652,124891,282543,1938656,1802253,3740909,1060618,1053691,2114309,536799,552270,1089069,367113,376807,743920,334142,281474,615616,147541,116986,264527,186601,164488,351089,1878251,1755454,3633705,1702500,1592819,3295319,165640,154730,320370,1046125,1036857,2082982,48236,43983,92219,840793,841071,1681864,157096,151803,308899,472738,483948,956686,1224,899,2123,49168,52563,101731,322501,334316,656817,99845,96170,196015,265146,286245,551391,95,64,159,4418,4729,9147,51811,60074,111885,208822,221378,430200,64436,65934,130370,NA,NA,NA,599,598,1197,5391,6077,11468,58446,59259,117705,10111,7905,18016
2021-22,Karnataka,6234114,5858267,12092381,141477,123551,265028,2837353,2618873,5456226,1645934,1551012,3196946,1010732,959584,1970316,598618,605247,1203865,419768,389270,809038,139245,121632,260877,280523,267638,548161,2788219,2596935,5385154,2517755,2324843,4842598,268232,270173,538405,1628601,1535295,3163896,38966,26302,65268,1336090,1252625,2588715,253545,256368,509913,846390,798914,1645304,90,81,171,41381,27995,69376,713814,675691,1389505,91105,95147,186252,485761,478372,964133,19,9,28,111,134,245,43171,27248,70419,442460,450981,893441,65375,59481,124856,NA,NA,NA,120,85,205,202,277,479,65053,59119,124172,2232,1919,4151
2021-22,Kerala,3272192,3150928,6423120,289712,278460,568172,1274839,1211401,2486240,767896,733107,1501003,511005,485085,996090,428740,442875,871615,454512,435007,889519,285009,274161,559170,169503,160846,330349,1254581,1195090,2449671,1081269,1029844,2111113,168609,160947,329556,793110,755722,1548832,23248,20129,43377,581628,557148,1138776,188234,178445,366679,461723,451594,913317,706,482,1188,15626,13720,29346,309648,295927,605575,135743,141465,277208,289109,297537,586646,113,100,213,1018,642,1660,12777,10511,23288,275201,286284,561485,19157,15978,35135,NA,NA,NA,1015,650,1665,346,202,548,17796,15126,32922,4703,4299,9002
2021-22,Ladakh,29663,30125,59788,5533,5185,10718,11609,11283,22892,5907,6259,12166,3639,3943,7582,2975,3455,6430,7427,6968,14395,5177,4821,9998,2250,2147,4397,10569,10402,20971,8700,8506,17206,1513,1532,3045,5672,6057,11729,630,616,1246,3748,4128,7876,1294,1313,2607,3041,3686,6727,28,11,39,557,553,1110,1822,2037,3859,634,1085,1719,2562,2510,5072,1,3,4,78,40,118,461,546,1007,2022,1921,3943,392,502,894,NA,NA,NA,11,6,17,62,47,109,319,449,768,356,364,720
2021-22,Lakshadweep,6997,6589,13586,814,768,1582,2759,2636,5395,1473,1340,2813,986,887,1873,965,958,1923,881,849,1730,799,761,1560,82,88,170,2701,2548,5249,2602,2465,5067,84,76,160,1441,1307,2748,75,83,158,1321,1167,2488,45,57,102,957,979,1936,0,0,0,68,97,165,793,735,1528,96,147,243,879,840,1719,0,0,0,0,0,0,147,94,241,732,746,1478,138,66,204,NA,NA,NA,0,0,0,1,1,2,137,65,202,15,7,22
2021-22,Madhya Pradesh,8458385,7710880,16169265,403029,338950,741979,3833282,3524107,7357389,2195869,2028350,4224219,1159009,1037499,2196508,867196,781974,1649170,960041,851462,1811503,377570,318777,696347,582471,532685,1115156,3572913,3301316,6874229,3094206,2858166,5952372,453248,422977,876225,1990085,1832319,3822404,152395,130064,282459,1558103,1452390,3010493,279587,249865,529452,1066509,959270,2025779,3920,2990,6910,168108,140804,308912,685157,626308,1311465,209324,189168,398492,707249,631347,1338596,290,202,492,14964,11247,26211,181375,152204,333579,510620,467694,978314,161588,135166,296754,NA,NA,NA,1446,932,2378,12890,9122,22012,147252,125112,272364,25459,20173,45632
2021-22,Maharashtra,11954636,10632059,22586695,276372,249489,525861,5015735,4549586,9565321,3115548,2740049,5855597,1996741,1738906,3735647,1550240,1354029,2904269,509621,466994,976615,263143,238588,501731,246478,228406,474884,4866744,4436941,9303685,4525511,4124859,8650370,328004,301181,629185,3047772,2695915,5743687,238580,193583,432163,2481069,2191772,4672841,328123,310560,638683,1866759,1629889,3496648,4501,2397,6898,294739,238875,533614,1341499,1174245,2515744,226020,214372,440392,1347077,1171430,2518507,665,341,1006,9320,6520,15840,305668,242412,548080,1031424,922157,1953581,316663,230890,547553,NA,NA,NA,2416,1701,4117,21451,11689,33140,292796,217500,510296,13229,10901,24130
2021-22,Manipur,352199,340995,693194,31759,29964,61723,158618,151405,310023,75988,74875,150863,45649,45356,91005,40185,39395,79580,54316,51127,105443,30396,28877,59273,23920,22250,46170,139367,134103,273470,127854,122822,250676,10150,10194,20344,76527,75136,151663,6575,6077,12652,62396,61351,123747,7556,7708,15264,44617,44075,88692,240,226,466,3104,3028,6132,36110,35745,71855,5163,5076,10239,34378,34175,68553,29,30,59,274,264,538,1809,1734,3543,32266,32147,64413,2994,2379,5373,NA,NA,NA,64,38,102,174,169,343,2756,2172,4928,1363,1087,2450
2021-22,Meghalaya,572522,597198,1169720,109509,105273,214782,267341,263049,530390,115006,129002,244008,53164,64332,117496,27502,35542,63044,124744,121297,246041,97743,94690,192433,27001,26607,53608,235684,233170,468854,209859,207281,417140,14059,15306,29365,112063,123979,236042,29087,28004,57091,75882,86927,162809,7094,9048,16142,54505,63793,118298,1349,1111,2460,20819,22617,43436,29372,35755,65127,2965,4310,7275,32566,38955,71521,45,46,91,3868,3850,7718,13561,16166,29727,15092,18893,33985,12960,16004,28964,NA,NA,NA,378,302,680,3137,3363,6500,9445,12339,21784,11766,10583,22349
2021-22,Mizoram,156216,153688,309904,16402,16165,32567,70199,66450,136649,36464,35485,71949,19791,20814,40605,13360,14774,28134,24024,23267,47291,15788,15597,31385,8236,7670,15906,61150,58590,119740,55962,53348,109310,4574,4674,9248,34062,33497,67559,5688,5186,10874,25394,25011,50405,2980,3300,6280,19391,19711,39102,302,238,540,5670,5113,10783,10774,11699,22473,2645,2661,5306,13614,14773,28387,11,8,19,740,601,1341,5379,5296,10675,7484,8868,16352,3975,3850,7825,NA,NA,NA,86,86,172,658,519,1177,3231,3245,6476,614,568,1182
2021-22,Nagaland,222509,221287,443796,39322,37299,76621,90734,87221,177955,47945,48494,96439,28441,30280,58721,16067,17993,34060,45833,44049,89882,36110,34429,70539,9723,9620,19343,83836,80423,164259,73319,69980,143299,7305,7573,14878,46717,47382,94099,6956,6875,13831,33845,34045,67890,5916,6462,12378,25190,26771,51961,673,683,1356,5681,5651,11332,16595,17750,34345,2241,2687,4928,15179,17170,32349,63,63,126,993,1062,2055,5069,5165,10234,9054,10880,19934,5754,5492,11246,NA,NA,NA,121,163,284,861,903,1764,4772,4426,9198,3212,2870,6082
2021-22,Odisha,3880763,3696130,7576893,27123,22253,49376,1815168,1703985,3519153,1064056,1007699,2071755,636275,610106,1246381,338141,352087,690228,303057,278013,581070,26439,21683,48122,276618,256330,532948,1806548,1698592,3505140,1526557,1437046,2963603,279307,260976,540283,1000897,950589,1951486,11497,10260,21757,766376,729218,1495594,223024,211111,434135,524210,513131,1037341,366,273,639,17308,16546,33854,389894,376669,766563,116642,119643,236285,218911,228852,447763,130,76,206,835,718,1553,22477,21559,44036,195469,206499,401968,27140,26953,54093,NA,NA,NA,230,241,471,880,767,1647,26030,25945,51975,684,570,1254
2021-22,Puducherry,130772,124774,255546,11595,10923,22518,49290,45798,95088,31290,29477,60767,20928,20074,41002,17669,18502,36171,20748,19235,39983,11530,10847,22377,9218,8388,17606,49599,45703,95302,39812,37237,77049,9722,8390,18112,30829,29548,60377,260,173,433,21214,20760,41974,9355,8615,17970,18132,18439,36571,0,0,0,351,316,667,11030,10978,22008,6751,7145,13896,10779,11327,22106,0,0,0,3,9,12,539,475,1014,10237,10843,21080,685,522,1207,NA,NA,NA,0,2,2,4,6,10,681,514,1195,65,76,141
2021-22,Punjab,3319404,2828096,6147500,424765,370689,795454,1252540,1071757,2324297,741390,633572,1374962,473876,394014,867890,426833,358064,784897,457048,403749,860797,359646,317229,676875,97402,86520,183922,1145182,995152,2140334,1002117,870143,1872260,77946,71549,149495,710947,615620,1326567,146565,110768,257333,497158,441662,938820,67224,63190,130414,462260,392242,854502,5930,4014,9944,146721,108150,254871,253845,225520,479365,55764,54558,110322,376554,310584,687138,526,312,838,17631,10916,28547,133597,94667,228264,224800,204689,429489,167413,110749,278162,NA,NA,NA,1934,1295,3229,19210,10637,29847,146269,98817,245086,65119,53460,118579
2021-22,Rajasthan,9451991,8215519,17667510,275725,216782,492507,4360498,3896222,8256720,2294584,2013665,4308249,1315438,1105136,2420574,1205746,983714,2189460,910105,784571,1694676,248364,196330,444694,661741,588241,1249982,3977066,3548193,7525259,3486115,3123415,6609530,463590,404326,867916,2188202,1899278,4087480,206788,179992,386780,1601019,1407482,3008501,380395,311804,692199,1326651,1106285,2432936,5407,4286,9693,210993,185157,396150,731588,618410,1349998,378663,298432,677095,862255,714824,1577079,447,288,735,17567,15448,33015,187101,160245,347346,657140,538843,1195983,187712,162368,350080,NA,NA,NA,1415,1252,2667,16354,14677,31031,169943,146439,316382,27361,20452,47813
2021-22,Sikkim,68708,67255,135963,10213,9421,19634,24237,21653,45890,14970,14499,29469,11331,11820,23151,7957,9862,17819,12151,11373,23524,9536,8925,18461,2615,2448,5063,21834,20332,42166,19031,17595,36626,2126,2241,4367,14234,13877,28111,2189,1534,3723,10056,9978,20034,1989,2365,4354,9673,9980,19653,316,70,386,2348,1942,4290,5515,6030,11545,1494,1938,3432,7647,8024,15671,86,6,92,375,313,688,3154,2812,5966,4032,4893,8925,3169,3669,6838,NA,NA,NA,65,25,90,673,613,1286,2431,3031,5462,677,496,1173
2021-22,Tamil Nadu,6578995,6251956,12830951,344384,319267,663651,2674754,2484126,5158880,1605701,1509597,3115298,1070118,1010024,2080142,884038,928942,1812980,708355,667060,1375415,344384,319267,663651,363971,347793,711764,2686862,2512377,5199239,2299715,2128953,4428668,387147,383424,770571,1612085,1525034,3137119,11068,7380,18448,1206571,1118918,2325489,394446,398736,793182,1004591,981106,1985697,0,0,0,11983,7255,19238,661805,603457,1265262,330803,370394,701197,553557,557236,1110793,0,0,0,0,0,0,13867,7831,21698,539690,549405,1089095,13545,9143,22688,NA,NA,NA,0,0,0,0,0,0,13545,9143,22688,0,0,0
2021-22,Telangana,3585691,3329550,6915241,81382,70210,151592,1594470,1446848,3041318,934269,866949,1801218,572937,545440,1118377,402633,400103,802736,261871,250589,512460,75270,66156,141426,186601,184433,371034,1462038,1371116,2833154,1314964,1203612,2518576,140962,163450,304412,922428,861151,1783579,91629,57935,149564,703395,648519,1351914,127404,154697,282101,543674,508796,1052470,1231,841,2072,81836,50096,131932,368024,343270,711294,92583,114589,207172,334001,301567,635568,45,27,72,7546,4521,12067,71952,43992,115944,254458,253027,507485,61679,36331,98010,NA,NA,NA,530,363,893,5557,3481,9038,55592,32487,88079,6112,4054,10166
2021-22,Tripura,359315,354547,713862,15708,13975,29683,158968,153430,312398,90154,89405,179559,54715,55821,110536,39770,41916,81686,20891,18737,39628,15545,13810,29355,5346,4927,10273,156610,151519,308129,151187,146313,297500,5260,5041,10301,88215,87670,175885,2361,2126,4487,81250,80816,162066,4604,4728,9332,52105,53273,105378,72,59,131,3542,3470,7012,45838,46849,92687,2653,2895,5548,37438,39339,76777,2,5,7,91,70,161,4175,4141,8316,33170,35123,68293,4056,4009,8065,NA,NA,NA,11,8,19,98,103,201,3947,3898,7845,163,165,328
2021-22,Uttar Pradesh,24875681,22305757,47181438,228022,179012,407034,12645781,11536854,24182635,5986744,5603350,11590094,3395055,2828266,6223321,2620079,2158275,4778354,2033557,1773111,3806668,213894,168599,382493,1819663,1604512,3424175,12091122,11084852,23175974,10514385,9641086,20155471,1562609,1433353,2995962,5829622,5322353,11151975,302032,282284,584316,4117133,3869780,7986913,1410457,1170289,2580746,3048812,2542989,5591801,9002,8291,17293,275453,266899,542352,1657822,1374691,3032513,1106535,893108,1999643,1593087,1339360,2932447,699,681,1380,28331,29687,58018,288623,249367,537990,1275434,1059625,2335059,279481,243092,522573,NA,NA,NA,3218,3631,6849,38153,33919,72072,238110,205542,443652,14128,10413,24541
2021-22,Uttarakhand,1296206,1153720,2449926,51984,42174,94158,564938,496956,1061894,314114,281668,595782,192364,173332,365696,172806,159590,332396,137496,118464,255960,49533,40354,89887,87963,78110,166073,530754,466794,997548,455079,400150,855229,73224,64824,138048,305798,273639,579437,21146,18106,39252,218727,196668,415395,65925,58865,124790,186663,169824,356487,701,549,1250,20396,18503,38899,105104,95265,200369,60462,55507,115969,114952,106088,221040,49,41,90,1658,1534,3192,19787,17615,37402,93458,86898,180356,20543,18911,39454,NA,NA,NA,109,139,248,1548,1587,3135,18886,17185,36071,2451,1820,4271
2021-22,West Bengal,9328884,9404483,18733367,806753,761500,1568253,4079602,3887063,7966665,2220277,2201470,4421747,1332354,1434448,2766802,889898,1120002,2009900,846935,799068,1646003,806753,761500,1568253,40182,37568,77750,3919205,3727594,7646799,3864047,3674570,7538617,55158,53024,108182,2126929,2100935,4227864,173870,173647,347517,1893689,1865892,3759581,59370,61396,120766,1367661,1450998,2818659,1393,1182,2575,262220,272849,535069,1057164,1121264,2178428,46884,55703,102587,881689,1075048,1956737,110,96,206,8438,9003,17441,207446,240235,447681,665695,825714,1491409,186465,250840,437305,NA,NA,NA,772,702,1474,8374,11553,19927,177319,238585,415904,0,0,0